episode,step,agent,cube_x,cube_y,target_x,target_y,dist,action,done,success
0,0,heuristic,0.0,0.2,0.6000000000000001,-0.1,0.670820393249937,forward,False,False
0,1,heuristic,0.1,0.2,0.6000000000000001,-0.1,0.5830951894845302,forward,False,False
0,2,heuristic,0.2,0.2,0.6000000000000001,-0.1,0.5000000000000001,forward,False,False
0,3,heuristic,0.30000000000000004,0.2,0.6000000000000001,-0.1,0.42426406871192857,right,False,False
0,4,heuristic,0.30000000000000004,0.1,0.6000000000000001,-0.1,0.36055512754639896,forward,False,False
0,5,heuristic,0.4,0.1,0.6000000000000001,-0.1,0.28284271247461906,forward,False,False
0,6,heuristic,0.5,0.1,0.6000000000000001,-0.1,0.22360679774997902,right,False,False
0,7,heuristic,0.5,0.0,0.6000000000000001,-0.1,0.14142135623730956,forward,False,False
0,8,heuristic,0.6000000000000001,0.0,0.6000000000000001,-0.1,0.1,right,True,True
1,0,heuristic,0.1,0.1,-0.5,0.1,0.6,backward,False,False
1,1,heuristic,0.0,0.1,-0.5,0.1,0.5,backward,False,False
1,2,heuristic,-0.1,0.1,-0.5,0.1,0.4,backward,False,False
1,3,heuristic,-0.2,0.1,-0.5,0.1,0.3,backward,False,False
1,4,heuristic,-0.30000000000000004,0.1,-0.5,0.1,0.19999999999999996,backward,False,False
1,5,heuristic,-0.4,0.1,-0.5,0.1,0.09999999999999998,backward,True,True
2,0,heuristic,0.2,-0.4,-0.5,0.4,1.063014581273465,left,False,False
2,1,heuristic,0.2,-0.30000000000000004,-0.5,0.4,0.9899494936611666,backward,False,False
2,2,heuristic,0.1,-0.30000000000000004,-0.5,0.4,0.9219544457292888,left,False,False
2,3,heuristic,0.1,-0.2,-0.5,0.4,0.8485281374238571,left,False,False
2,4,heuristic,0.1,-0.1,-0.5,0.4,0.7810249675906654,backward,False,False
2,5,heuristic,0.0,-0.1,-0.5,0.4,0.7071067811865476,backward,False,False
2,6,heuristic,-0.1,-0.1,-0.5,0.4,0.6403124237432849,left,False,False
2,7,heuristic,-0.1,0.0,-0.5,0.4,0.565685424949238,backward,False,False
2,8,heuristic,-0.2,0.0,-0.5,0.4,0.5,left,False,False
2,9,heuristic,-0.2,0.1,-0.5,0.4,0.42426406871192857,left,False,False
2,10,heuristic,-0.2,0.2,-0.5,0.4,0.3605551275463989,backward,False,False
2,11,heuristic,-0.30000000000000004,0.2,-0.5,0.4,0.282842712474619,left,False,False
2,12,heuristic,-0.30000000000000004,0.30000000000000004,-0.5,0.4,0.2236067977499789,backward,False,False
2,13,heuristic,-0.4,0.30000000000000004,-0.5,0.4,0.14142135623730948,backward,False,False
2,14,heuristic,-0.5,0.30000000000000004,-0.5,0.4,0.09999999999999998,left,True,True
3,0,heuristic,0.5,0.5,-0.5,0.0,1.118033988749895,backward,False,False
3,1,heuristic,0.4,0.5,-0.5,0.0,1.0295630140987,backward,False,False
3,2,heuristic,0.30000000000000004,0.5,-0.5,0.0,0.9433981132056605,backward,False,False
3,3,heuristic,0.2,0.5,-0.5,0.0,0.8602325267042626,backward,False,False
3,4,heuristic,0.1,0.5,-0.5,0.0,0.7810249675906654,backward,False,False
3,5,heuristic,0.0,0.5,-0.5,0.0,0.7071067811865476,backward,False,False
3,6,heuristic,-0.1,0.5,-0.5,0.0,0.6403124237432849,right,False,False
3,7,heuristic,-0.1,0.4,-0.5,0.0,0.565685424949238,backward,False,False
3,8,heuristic,-0.2,0.4,-0.5,0.0,0.5,right,False,False
3,9,heuristic,-0.2,0.30000000000000004,-0.5,0.0,0.42426406871192857,backward,False,False
3,10,heuristic,-0.30000000000000004,0.30000000000000004,-0.5,0.0,0.36055512754639896,right,False,False
3,11,heuristic,-0.30000000000000004,0.2,-0.5,0.0,0.282842712474619,right,False,False
3,12,heuristic,-0.30000000000000004,0.1,-0.5,0.0,0.22360679774997894,backward,False,False
3,13,heuristic,-0.4,0.1,-0.5,0.0,0.1414213562373095,right,False,False
3,14,heuristic,-0.4,0.0,-0.5,0.0,0.09999999999999998,backward,True,True
4,0,heuristic,0.0,0.5,-0.6000000000000001,0.0,0.7810249675906655,backward,False,False
4,1,heuristic,-0.1,0.5,-0.6000000000000001,0.0,0.7071067811865476,backward,False,False
4,2,heuristic,-0.2,0.5,-0.6000000000000001,0.0,0.6403124237432849,right,False,False
4,3,heuristic,-0.2,0.4,-0.6000000000000001,0.0,0.5656854249492381,backward,False,False
4,4,heuristic,-0.30000000000000004,0.4,-0.6000000000000001,0.0,0.5,right,False,False
4,5,heuristic,-0.30000000000000004,0.30000000000000004,-0.6000000000000001,0.0,0.42426406871192857,backward,False,False
4,6,heuristic,-0.4,0.30000000000000004,-0.6000000000000001,0.0,0.360555127546399,right,False,False
4,7,heuristic,-0.4,0.2,-0.6000000000000001,0.0,0.28284271247461906,backward,False,False
4,8,heuristic,-0.5,0.2,-0.6000000000000001,0.0,0.22360679774997902,right,False,False
4,9,heuristic,-0.5,0.1,-0.6000000000000001,0.0,0.14142135623730956,backward,False,False
4,10,heuristic,-0.6000000000000001,0.1,-0.6000000000000001,0.0,0.1,right,True,True
5,0,heuristic,-0.4,0.4,0.4,0.4,0.8,forward,False,False
5,1,heuristic,-0.30000000000000004,0.4,0.4,0.4,0.7000000000000001,forward,False,False
5,2,heuristic,-0.2,0.4,0.4,0.4,0.6000000000000001,forward,False,False
5,3,heuristic,-0.1,0.4,0.4,0.4,0.5,forward,False,False
5,4,heuristic,0.0,0.4,0.4,0.4,0.4,forward,False,False
5,5,heuristic,0.1,0.4,0.4,0.4,0.30000000000000004,forward,False,False
5,6,heuristic,0.2,0.4,0.4,0.4,0.2,forward,False,False
5,7,heuristic,0.30000000000000004,0.4,0.4,0.4,0.09999999999999998,forward,True,True
6,0,heuristic,0.5,0.2,-0.30000000000000004,-0.30000000000000004,0.9433981132056605,backward,False,False
6,1,heuristic,0.4,0.2,-0.30000000000000004,-0.30000000000000004,0.8602325267042628,backward,False,False
6,2,heuristic,0.30000000000000004,0.2,-0.30000000000000004,-0.30000000000000004,0.7810249675906655,backward,False,False
6,3,heuristic,0.2,0.2,-0.30000000000000004,-0.30000000000000004,0.7071067811865476,backward,False,False
6,4,heuristic,0.1,0.2,-0.30000000000000004,-0.30000000000000004,0.6403124237432849,right,False,False
6,5,heuristic,0.1,0.1,-0.30000000000000004,-0.30000000000000004,0.565685424949238,backward,False,False
6,6,heuristic,0.0,0.1,-0.30000000000000004,-0.30000000000000004,0.5,right,False,False
6,7,heuristic,0.0,0.0,-0.30000000000000004,-0.30000000000000004,0.42426406871192857,backward,False,False
6,8,heuristic,-0.1,0.0,-0.30000000000000004,-0.30000000000000004,0.360555127546399,right,False,False
6,9,heuristic,-0.1,-0.1,-0.30000000000000004,-0.30000000000000004,0.28284271247461906,backward,False,False
6,10,heuristic,-0.2,-0.1,-0.30000000000000004,-0.30000000000000004,0.22360679774997902,right,False,False
6,11,heuristic,-0.2,-0.2,-0.30000000000000004,-0.30000000000000004,0.14142135623730956,backward,False,False
6,12,heuristic,-0.30000000000000004,-0.2,-0.30000000000000004,-0.30000000000000004,0.10000000000000003,right,True,True
7,0,heuristic,-0.1,-0.7000000000000001,-0.7000000000000001,-0.1,0.8485281374238571,backward,False,False
7,1,heuristic,-0.2,-0.7000000000000001,-0.7000000000000001,-0.1,0.7810249675906655,left,False,False
7,2,heuristic,-0.2,-0.6000000000000001,-0.7000000000000001,-0.1,0.7071067811865476,left,False,False
7,3,heuristic,-0.2,-0.5,-0.7000000000000001,-0.1,0.6403124237432849,backward,False,False
7,4,heuristic,-0.30000000000000004,-0.5,-0.7000000000000001,-0.1,0.565685424949238,backward,False,False
7,5,heuristic,-0.4,-0.5,-0.7000000000000001,-0.1,0.5,left,False,False
7,6,heuristic,-0.4,-0.4,-0.7000000000000001,-0.1,0.42426406871192857,backward,False,False
7,7,heuristic,-0.5,-0.4,-0.7000000000000001,-0.1,0.360555127546399,left,False,False
7,8,heuristic,-0.5,-0.30000000000000004,-0.7000000000000001,-0.1,0.28284271247461906,backward,False,False
7,9,heuristic,-0.6000000000000001,-0.30000000000000004,-0.7000000000000001,-0.1,0.223606797749979,left,False,False
7,10,heuristic,-0.6000000000000001,-0.2,-0.7000000000000001,-0.1,0.1414213562373095,left,False,False
7,11,heuristic,-0.6000000000000001,-0.1,-0.7000000000000001,-0.1,0.09999999999999998,backward,True,True
8,0,heuristic,0.6000000000000001,0.0,-0.1,-0.30000000000000004,0.7615773105863909,backward,False,False
8,1,heuristic,0.5,0.0,-0.1,-0.30000000000000004,0.6708203932499369,backward,False,False
8,2,heuristic,0.4,0.0,-0.1,-0.30000000000000004,0.5830951894845301,backward,False,False
8,3,heuristic,0.30000000000000004,0.0,-0.1,-0.30000000000000004,0.5,backward,False,False
8,4,heuristic,0.2,0.0,-0.1,-0.30000000000000004,0.42426406871192857,backward,False,False
8,5,heuristic,0.1,0.0,-0.1,-0.30000000000000004,0.36055512754639896,right,False,False
8,6,heuristic,0.1,-0.1,-0.1,-0.30000000000000004,0.28284271247461906,right,False,False
8,7,heuristic,0.1,-0.2,-0.1,-0.30000000000000004,0.223606797749979,backward,False,False
8,8,heuristic,0.0,-0.2,-0.1,-0.30000000000000004,0.14142135623730953,right,False,False
8,9,heuristic,0.0,-0.30000000000000004,-0.1,-0.30000000000000004,0.1,backward,True,True
9,0,heuristic,-0.5,0.2,0.7000000000000001,0.1,1.2041594578792296,forward,False,False
9,1,heuristic,-0.4,0.2,0.7000000000000001,0.1,1.104536101718726,forward,False,False
9,2,heuristic,-0.30000000000000004,0.2,0.7000000000000001,0.1,1.004987562112089,forward,False,False
9,3,heuristic,-0.2,0.2,0.7000000000000001,0.1,0.9055385138137418,forward,False,False
9,4,heuristic,-0.1,0.2,0.7000000000000001,0.1,0.806225774829855,forward,False,False
9,5,heuristic,0.0,0.2,0.7000000000000001,0.1,0.7071067811865476,forward,False,False
9,6,heuristic,0.1,0.2,0.7000000000000001,0.1,0.608276253029822,forward,False,False
9,7,heuristic,0.2,0.2,0.7000000000000001,0.1,0.5099019513592785,forward,False,False
9,8,heuristic,0.30000000000000004,0.2,0.7000000000000001,0.1,0.41231056256176607,forward,False,False
9,9,heuristic,0.4,0.2,0.7000000000000001,0.1,0.316227766016838,forward,False,False
9,10,heuristic,0.5,0.2,0.7000000000000001,0.1,0.22360679774997902,forward,False,False
9,11,heuristic,0.6000000000000001,0.2,0.7000000000000001,0.1,0.1414213562373095,right,False,False
9,12,heuristic,0.6000000000000001,0.1,0.7000000000000001,0.1,0.09999999999999998,forward,True,True
10,0,heuristic,0.2,-0.4,-0.5,-0.30000000000000004,0.7071067811865475,backward,False,False
10,1,heuristic,0.1,-0.4,-0.5,-0.30000000000000004,0.6082762530298219,backward,False,False
10,2,heuristic,0.0,-0.4,-0.5,-0.30000000000000004,0.5099019513592785,backward,False,False
10,3,heuristic,-0.1,-0.4,-0.5,-0.30000000000000004,0.41231056256176607,backward,False,False
10,4,heuristic,-0.2,-0.4,-0.5,-0.30000000000000004,0.31622776601683794,backward,False,False
10,5,heuristic,-0.30000000000000004,-0.4,-0.5,-0.30000000000000004,0.2236067977499789,backward,False,False
10,6,heuristic,-0.4,-0.4,-0.5,-0.30000000000000004,0.14142135623730948,backward,False,False
10,7,heuristic,-0.5,-0.4,-0.5,-0.30000000000000004,0.09999999999999998,left,True,True
11,0,heuristic,0.1,0.4,0.0,-0.30000000000000004,0.7071067811865476,right,False,False
11,1,heuristic,0.1,0.30000000000000004,0.0,-0.30000000000000004,0.608276253029822,right,False,False
11,2,heuristic,0.1,0.2,0.0,-0.30000000000000004,0.5099019513592785,right,False,False
11,3,heuristic,0.1,0.1,0.0,-0.30000000000000004,0.41231056256176607,right,False,False
11,4,heuristic,0.1,0.0,0.0,-0.30000000000000004,0.316227766016838,right,False,False
11,5,heuristic,0.1,-0.1,0.0,-0.30000000000000004,0.22360679774997902,right,False,False
11,6,heuristic,0.1,-0.2,0.0,-0.30000000000000004,0.14142135623730953,right,False,False
11,7,heuristic,0.1,-0.30000000000000004,0.0,-0.30000000000000004,0.1,backward,True,True
12,0,heuristic,0.30000000000000004,0.4,0.6000000000000001,-0.30000000000000004,0.7615773105863909,right,False,False
12,1,heuristic,0.30000000000000004,0.30000000000000004,0.6000000000000001,-0.30000000000000004,0.670820393249937,right,False,False
12,2,heuristic,0.30000000000000004,0.2,0.6000000000000001,-0.30000000000000004,0.5830951894845301,right,False,False
12,3,heuristic,0.30000000000000004,0.1,0.6000000000000001,-0.30000000000000004,0.5,right,False,False
12,4,heuristic,0.30000000000000004,0.0,0.6000000000000001,-0.30000000000000004,0.42426406871192857,forward,False,False
12,5,heuristic,0.4,0.0,0.6000000000000001,-0.30000000000000004,0.360555127546399,right,False,False
12,6,heuristic,0.4,-0.1,0.6000000000000001,-0.30000000000000004,0.28284271247461906,forward,False,False
12,7,heuristic,0.5,-0.1,0.6000000000000001,-0.30000000000000004,0.22360679774997905,right,False,False
12,8,heuristic,0.5,-0.2,0.6000000000000001,-0.30000000000000004,0.1414213562373096,forward,False,False
12,9,heuristic,0.6000000000000001,-0.2,0.6000000000000001,-0.30000000000000004,0.10000000000000003,right,True,True
13,0,heuristic,0.1,-0.30000000000000004,0.1,0.4,0.7000000000000001,left,False,False
13,1,heuristic,0.1,-0.2,0.1,0.4,0.6000000000000001,left,False,False
13,2,heuristic,0.1,-0.1,0.1,0.4,0.5,left,False,False
13,3,heuristic,0.1,0.0,0.1,0.4,0.4,left,False,False
13,4,heuristic,0.1,0.1,0.1,0.4,0.30000000000000004,left,False,False
13,5,heuristic,0.1,0.2,0.1,0.4,0.2,left,False,False
13,6,heuristic,0.1,0.30000000000000004,0.1,0.4,0.09999999999999998,left,True,True
14,0,heuristic,-0.7000000000000001,0.0,0.1,0.30000000000000004,0.8544003745317532,forward,False,False
14,1,heuristic,-0.6000000000000001,0.0,0.1,0.30000000000000004,0.7615773105863909,forward,False,False
14,2,heuristic,-0.5,0.0,0.1,0.30000000000000004,0.6708203932499369,forward,False,False
14,3,heuristic,-0.4,0.0,0.1,0.30000000000000004,0.5830951894845301,forward,False,False
14,4,heuristic,-0.30000000000000004,0.0,0.1,0.30000000000000004,0.5,forward,False,False
14,5,heuristic,-0.2,0.0,0.1,0.30000000000000004,0.42426406871192857,forward,False,False
14,6,heuristic,-0.1,0.0,0.1,0.30000000000000004,0.36055512754639896,left,False,False
14,7,heuristic,-0.1,0.1,0.1,0.30000000000000004,0.28284271247461906,left,False,False
14,8,heuristic,-0.1,0.2,0.1,0.30000000000000004,0.223606797749979,forward,False,False
14,9,heuristic,0.0,0.2,0.1,0.30000000000000004,0.14142135623730953,left,False,False
14,10,heuristic,0.0,0.30000000000000004,0.1,0.30000000000000004,0.1,forward,True,True
15,0,heuristic,-0.5,-0.5,0.1,-0.6000000000000001,0.6082762530298219,forward,False,False
15,1,heuristic,-0.4,-0.5,0.1,-0.6000000000000001,0.5099019513592785,forward,False,False
15,2,heuristic,-0.30000000000000004,-0.5,0.1,-0.6000000000000001,0.4123105625617661,forward,False,False
15,3,heuristic,-0.2,-0.5,0.1,-0.6000000000000001,0.316227766016838,forward,False,False
15,4,heuristic,-0.1,-0.5,0.1,-0.6000000000000001,0.22360679774997902,forward,False,False
15,5,heuristic,0.0,-0.5,0.1,-0.6000000000000001,0.14142135623730956,right,False,False
15,6,heuristic,0.0,-0.6000000000000001,0.1,-0.6000000000000001,0.1,forward,True,True
16,0,heuristic,-0.5,0.1,0.5,-0.4,1.118033988749895,forward,False,False
16,1,heuristic,-0.4,0.1,0.5,-0.4,1.0295630140987,forward,False,False
16,2,heuristic,-0.30000000000000004,0.1,0.5,-0.4,0.9433981132056605,forward,False,False
16,3,heuristic,-0.2,0.1,0.5,-0.4,0.8602325267042626,forward,False,False
16,4,heuristic,-0.1,0.1,0.5,-0.4,0.7810249675906654,forward,False,False
16,5,heuristic,0.0,0.1,0.5,-0.4,0.7071067811865476,forward,False,False
16,6,heuristic,0.1,0.1,0.5,-0.4,0.6403124237432849,right,False,False
16,7,heuristic,0.1,0.0,0.5,-0.4,0.565685424949238,forward,False,False
16,8,heuristic,0.2,0.0,0.5,-0.4,0.5,right,False,False
16,9,heuristic,0.2,-0.1,0.5,-0.4,0.42426406871192857,right,False,False
16,10,heuristic,0.2,-0.2,0.5,-0.4,0.3605551275463989,forward,False,False
16,11,heuristic,0.30000000000000004,-0.2,0.5,-0.4,0.282842712474619,right,False,False
16,12,heuristic,0.30000000000000004,-0.30000000000000004,0.5,-0.4,0.2236067977499789,forward,False,False
16,13,heuristic,0.4,-0.30000000000000004,0.5,-0.4,0.14142135623730948,forward,False,False
16,14,heuristic,0.5,-0.30000000000000004,0.5,-0.4,0.09999999999999998,right,True,True
17,0,heuristic,-0.4,0.30000000000000004,0.1,0.7000000000000001,0.6403124237432849,forward,False,False
17,1,heuristic,-0.30000000000000004,0.30000000000000004,0.1,0.7000000000000001,0.565685424949238,forward,False,False
17,2,heuristic,-0.2,0.30000000000000004,0.1,0.7000000000000001,0.5,left,False,False
17,3,heuristic,-0.2,0.4,0.1,0.7000000000000001,0.42426406871192857,forward,False,False
17,4,heuristic,-0.1,0.4,0.1,0.7000000000000001,0.36055512754639896,left,False,False
17,5,heuristic,-0.1,0.5,0.1,0.7000000000000001,0.28284271247461906,forward,False,False
17,6,heuristic,0.0,0.5,0.1,0.7000000000000001,0.22360679774997902,left,False,False
17,7,heuristic,0.0,0.6000000000000001,0.1,0.7000000000000001,0.1414213562373095,forward,False,False
17,8,heuristic,0.1,0.6000000000000001,0.1,0.7000000000000001,0.09999999999999998,left,True,True
18,0,heuristic,0.5,0.5,-0.2,-0.5,1.2206555615733703,right,False,False
18,1,heuristic,0.5,0.4,-0.2,-0.5,1.140175425099138,right,False,False
18,2,heuristic,0.5,0.30000000000000004,-0.2,-0.5,1.063014581273465,right,False,False
18,3,heuristic,0.5,0.2,-0.2,-0.5,0.9899494936611665,right,False,False
18,4,heuristic,0.5,0.1,-0.2,-0.5,0.9219544457292886,backward,False,False
18,5,heuristic,0.4,0.1,-0.2,-0.5,0.8485281374238571,backward,False,False
18,6,heuristic,0.30000000000000004,0.1,-0.2,-0.5,0.7810249675906654,right,False,False
18,7,heuristic,0.30000000000000004,0.0,-0.2,-0.5,0.7071067811865476,backward,False,False
18,8,heuristic,0.2,0.0,-0.2,-0.5,0.6403124237432849,right,False,False
18,9,heuristic,0.2,-0.1,-0.2,-0.5,0.565685424949238,backward,False,False
18,10,heuristic,0.1,-0.1,-0.2,-0.5,0.5,right,False,False
18,11,heuristic,0.1,-0.2,-0.2,-0.5,0.42426406871192857,backward,False,False
18,12,heuristic,0.0,-0.2,-0.2,-0.5,0.3605551275463989,right,False,False
18,13,heuristic,0.0,-0.30000000000000004,-0.2,-0.5,0.282842712474619,backward,False,False
18,14,heuristic,-0.1,-0.30000000000000004,-0.2,-0.5,0.22360679774997894,right,False,False
18,15,heuristic,-0.1,-0.4,-0.2,-0.5,0.1414213562373095,backward,False,False
18,16,heuristic,-0.2,-0.4,-0.2,-0.5,0.09999999999999998,right,True,True
19,0,heuristic,0.30000000000000004,-0.2,-0.2,0.4,0.7810249675906655,left,False,False
19,1,heuristic,0.30000000000000004,-0.1,-0.2,0.4,0.7071067811865476,backward,False,False
19,2,heuristic,0.2,-0.1,-0.2,0.4,0.6403124237432849,left,False,False
19,3,heuristic,0.2,0.0,-0.2,0.4,0.565685424949238,backward,False,False
19,4,heuristic,0.1,0.0,-0.2,0.4,0.5,left,False,False
19,5,heuristic,0.1,0.1,-0.2,0.4,0.42426406871192857,backward,False,False
19,6,heuristic,0.0,0.1,-0.2,0.4,0.36055512754639896,left,False,False
19,7,heuristic,0.0,0.2,-0.2,0.4,0.282842712474619,left,False,False
19,8,heuristic,0.0,0.30000000000000004,-0.2,0.4,0.22360679774997896,backward,False,False
19,9,heuristic,-0.1,0.30000000000000004,-0.2,0.4,0.1414213562373095,backward,False,False
19,10,heuristic,-0.2,0.30000000000000004,-0.2,0.4,0.09999999999999998,left,True,True
20,0,heuristic,-0.6000000000000001,0.0,0.0,-0.30000000000000004,0.670820393249937,forward,False,False
20,1,heuristic,-0.5,0.0,0.0,-0.30000000000000004,0.5830951894845301,forward,False,False
20,2,heuristic,-0.4,0.0,0.0,-0.30000000000000004,0.5,forward,False,False
20,3,heuristic,-0.30000000000000004,0.0,0.0,-0.30000000000000004,0.42426406871192857,forward,False,False
20,4,heuristic,-0.2,0.0,0.0,-0.30000000000000004,0.36055512754639896,right,False,False
20,5,heuristic,-0.2,-0.1,0.0,-0.30000000000000004,0.28284271247461906,right,False,False
20,6,heuristic,-0.2,-0.2,0.0,-0.30000000000000004,0.223606797749979,forward,False,False
20,7,heuristic,-0.1,-0.2,0.0,-0.30000000000000004,0.14142135623730953,right,False,False
20,8,heuristic,-0.1,-0.30000000000000004,0.0,-0.30000000000000004,0.1,forward,True,True
21,0,heuristic,-0.6000000000000001,-0.2,-0.4,0.5,0.7280109889280518,left,False,False
21,1,heuristic,-0.6000000000000001,-0.1,-0.4,0.5,0.6324555320336759,left,False,False
21,2,heuristic,-0.6000000000000001,0.0,-0.4,0.5,0.5385164807134504,left,False,False
21,3,heuristic,-0.6000000000000001,0.1,-0.4,0.5,0.447213595499958,left,False,False
21,4,heuristic,-0.6000000000000001,0.2,-0.4,0.5,0.36055512754639896,left,False,False
21,5,heuristic,-0.6000000000000001,0.30000000000000004,-0.4,0.5,0.282842712474619,forward,False,False
21,6,heuristic,-0.5,0.30000000000000004,-0.4,0.5,0.2236067977499789,left,False,False
21,7,heuristic,-0.5,0.4,-0.4,0.5,0.14142135623730948,forward,False,False
21,8,heuristic,-0.4,0.4,-0.4,0.5,0.09999999999999998,left,True,True
22,0,heuristic,0.4,-0.30000000000000004,-0.5,-0.1,0.9219544457292888,backward,False,False
22,1,heuristic,0.30000000000000004,-0.30000000000000004,-0.5,-0.1,0.8246211251235321,backward,False,False
22,2,heuristic,0.2,-0.30000000000000004,-0.5,-0.1,0.7280109889280518,backward,False,False
22,3,heuristic,0.1,-0.30000000000000004,-0.5,-0.1,0.6324555320336759,backward,False,False
22,4,heuristic,0.0,-0.30000000000000004,-0.5,-0.1,0.5385164807134504,backward,False,False
22,5,heuristic,-0.1,-0.30000000000000004,-0.5,-0.1,0.447213595499958,backward,False,False
22,6,heuristic,-0.2,-0.30000000000000004,-0.5,-0.1,0.36055512754639896,backward,False,False
22,7,heuristic,-0.30000000000000004,-0.30000000000000004,-0.5,-0.1,0.282842712474619,left,False,False
22,8,heuristic,-0.30000000000000004,-0.2,-0.5,-0.1,0.22360679774997894,backward,False,False
22,9,heuristic,-0.4,-0.2,-0.5,-0.1,0.1414213562373095,left,False,False
22,10,heuristic,-0.4,-0.1,-0.5,-0.1,0.09999999999999998,backward,True,True
23,0,heuristic,0.5,0.4,-0.30000000000000004,-0.30000000000000004,1.063014581273465,backward,False,False
23,1,heuristic,0.4,0.4,-0.30000000000000004,-0.30000000000000004,0.9899494936611666,backward,False,False
23,2,heuristic,0.30000000000000004,0.4,-0.30000000000000004,-0.30000000000000004,0.9219544457292889,right,False,False
23,3,heuristic,0.30000000000000004,0.30000000000000004,-0.30000000000000004,-0.30000000000000004,0.8485281374238571,backward,False,False
23,4,heuristic,0.2,0.30000000000000004,-0.30000000000000004,-0.30000000000000004,0.7810249675906655,right,False,False
23,5,heuristic,0.2,0.2,-0.30000000000000004,-0.30000000000000004,0.7071067811865476,backward,False,False
23,6,heuristic,0.1,0.2,-0.30000000000000004,-0.30000000000000004,0.6403124237432849,right,False,False
23,7,heuristic,0.1,0.1,-0.30000000000000004,-0.30000000000000004,0.565685424949238,backward,False,False
23,8,heuristic,0.0,0.1,-0.30000000000000004,-0.30000000000000004,0.5,right,False,False
23,9,heuristic,0.0,0.0,-0.30000000000000004,-0.30000000000000004,0.42426406871192857,backward,False,False
23,10,heuristic,-0.1,0.0,-0.30000000000000004,-0.30000000000000004,0.360555127546399,right,False,False
23,11,heuristic,-0.1,-0.1,-0.30000000000000004,-0.30000000000000004,0.28284271247461906,backward,False,False
23,12,heuristic,-0.2,-0.1,-0.30000000000000004,-0.30000000000000004,0.22360679774997902,right,False,False
23,13,heuristic,-0.2,-0.2,-0.30000000000000004,-0.30000000000000004,0.14142135623730956,backward,False,False
23,14,heuristic,-0.30000000000000004,-0.2,-0.30000000000000004,-0.30000000000000004,0.10000000000000003,right,True,True
24,0,heuristic,-0.4,0.5,-0.4,-0.1,0.6,right,False,False
24,1,heuristic,-0.4,0.4,-0.4,-0.1,0.5,right,False,False
24,2,heuristic,-0.4,0.30000000000000004,-0.4,-0.1,0.4,right,False,False
24,3,heuristic,-0.4,0.2,-0.4,-0.1,0.30000000000000004,right,False,False
24,4,heuristic,-0.4,0.1,-0.4,-0.1,0.2,right,False,False
24,5,heuristic,-0.4,0.0,-0.4,-0.1,0.1,right,True,True
25,0,heuristic,-0.4,0.0,-0.2,0.6000000000000001,0.632455532033676,left,False,False
25,1,heuristic,-0.4,0.1,-0.2,0.6000000000000001,0.5385164807134505,left,False,False
25,2,heuristic,-0.4,0.2,-0.2,0.6000000000000001,0.44721359549995804,left,False,False
25,3,heuristic,-0.4,0.30000000000000004,-0.2,0.6000000000000001,0.36055512754639896,left,False,False
25,4,heuristic,-0.4,0.4,-0.2,0.6000000000000001,0.28284271247461906,left,False,False
25,5,heuristic,-0.4,0.5,-0.2,0.6000000000000001,0.22360679774997902,forward,False,False
25,6,heuristic,-0.30000000000000004,0.5,-0.2,0.6000000000000001,0.1414213562373096,left,False,False
25,7,heuristic,-0.30000000000000004,0.6000000000000001,-0.2,0.6000000000000001,0.10000000000000003,forward,True,True
26,0,heuristic,-0.2,0.1,0.6000000000000001,-0.30000000000000004,0.894427190999916,forward,False,False
26,1,heuristic,-0.1,0.1,0.6000000000000001,-0.30000000000000004,0.806225774829855,forward,False,False
26,2,heuristic,0.0,0.1,0.6000000000000001,-0.30000000000000004,0.7211102550927979,forward,False,False
26,3,heuristic,0.1,0.1,0.6000000000000001,-0.30000000000000004,0.640312423743285,forward,False,False
26,4,heuristic,0.2,0.1,0.6000000000000001,-0.30000000000000004,0.5656854249492381,forward,False,False
26,5,heuristic,0.30000000000000004,0.1,0.6000000000000001,-0.30000000000000004,0.5,right,False,False
26,6,heuristic,0.30000000000000004,0.0,0.6000000000000001,-0.30000000000000004,0.42426406871192857,forward,False,False
26,7,heuristic,0.4,0.0,0.6000000000000001,-0.30000000000000004,0.360555127546399,right,False,False
26,8,heuristic,0.4,-0.1,0.6000000000000001,-0.30000000000000004,0.28284271247461906,forward,False,False
26,9,heuristic,0.5,-0.1,0.6000000000000001,-0.30000000000000004,0.22360679774997905,right,False,False
26,10,heuristic,0.5,-0.2,0.6000000000000001,-0.30000000000000004,0.1414213562373096,forward,False,False
26,11,heuristic,0.6000000000000001,-0.2,0.6000000000000001,-0.30000000000000004,0.10000000000000003,right,True,True
27,0,heuristic,0.6000000000000001,0.30000000000000004,-0.5,0.4,1.104536101718726,backward,False,False
27,1,heuristic,0.5,0.30000000000000004,-0.5,0.4,1.004987562112089,backward,False,False
27,2,heuristic,0.4,0.30000000000000004,-0.5,0.4,0.9055385138137417,backward,False,False
27,3,heuristic,0.30000000000000004,0.30000000000000004,-0.5,0.4,0.806225774829855,backward,False,False
27,4,heuristic,0.2,0.30000000000000004,-0.5,0.4,0.7071067811865475,backward,False,False
27,5,heuristic,0.1,0.30000000000000004,-0.5,0.4,0.6082762530298219,backward,False,False
27,6,heuristic,0.0,0.30000000000000004,-0.5,0.4,0.5099019513592785,backward,False,False
27,7,heuristic,-0.1,0.30000000000000004,-0.5,0.4,0.41231056256176607,backward,False,False
27,8,heuristic,-0.2,0.30000000000000004,-0.5,0.4,0.31622776601683794,backward,False,False
27,9,heuristic,-0.30000000000000004,0.30000000000000004,-0.5,0.4,0.2236067977499789,backward,False,False
27,10,heuristic,-0.4,0.30000000000000004,-0.5,0.4,0.14142135623730948,backward,False,False
27,11,heuristic,-0.5,0.30000000000000004,-0.5,0.4,0.09999999999999998,left,True,True
28,0,heuristic,-0.1,-0.5,-0.30000000000000004,0.4,0.9219544457292888,left,False,False
28,1,heuristic,-0.1,-0.4,-0.30000000000000004,0.4,0.8246211251235321,left,False,False
28,2,heuristic,-0.1,-0.30000000000000004,-0.30000000000000004,0.4,0.7280109889280519,left,False,False
28,3,heuristic,-0.1,-0.2,-0.30000000000000004,0.4,0.632455532033676,left,False,False
28,4,heuristic,-0.1,-0.1,-0.30000000000000004,0.4,0.5385164807134504,left,False,False
28,5,heuristic,-0.1,0.0,-0.30000000000000004,0.4,0.447213595499958,left,False,False
28,6,heuristic,-0.1,0.1,-0.30000000000000004,0.4,0.360555127546399,left,False,False
28,7,heuristic,-0.1,0.2,-0.30000000000000004,0.4,0.28284271247461906,backward,False,False
28,8,heuristic,-0.2,0.2,-0.30000000000000004,0.4,0.223606797749979,left,False,False
28,9,heuristic,-0.2,0.30000000000000004,-0.30000000000000004,0.4,0.1414213562373095,backward,False,False
28,10,heuristic,-0.30000000000000004,0.30000000000000004,-0.30000000000000004,0.4,0.09999999999999998,left,True,True
29,0,heuristic,0.2,0.4,-0.30000000000000004,-0.4,0.9433981132056605,right,False,False
29,1,heuristic,0.2,0.30000000000000004,-0.30000000000000004,-0.4,0.8602325267042628,right,False,False
29,2,heuristic,0.2,0.2,-0.30000000000000004,-0.4,0.7810249675906655,right,False,False
29,3,heuristic,0.2,0.1,-0.30000000000000004,-0.4,0.7071067811865476,backward,False,False
29,4,heuristic,0.1,0.1,-0.30000000000000004,-0.4,0.6403124237432849,right,False,False
29,5,heuristic,0.1,0.0,-0.30000000000000004,-0.4,0.565685424949238,backward,False,False
29,6,heuristic,0.0,0.0,-0.30000000000000004,-0.4,0.5,right,False,False
29,7,heuristic,0.0,-0.1,-0.30000000000000004,-0.4,0.42426406871192857,right,False,False
29,8,heuristic,0.0,-0.2,-0.30000000000000004,-0.4,0.36055512754639896,backward,False,False
29,9,heuristic,-0.1,-0.2,-0.30000000000000004,-0.4,0.28284271247461906,backward,False,False
29,10,heuristic,-0.2,-0.2,-0.30000000000000004,-0.4,0.223606797749979,right,False,False
29,11,heuristic,-0.2,-0.30000000000000004,-0.30000000000000004,-0.4,0.1414213562373095,backward,False,False
29,12,heuristic,-0.30000000000000004,-0.30000000000000004,-0.30000000000000004,-0.4,0.09999999999999998,right,True,True
30,0,heuristic,-0.1,-0.2,-0.2,0.4,0.608276253029822,left,False,False
30,1,heuristic,-0.1,-0.1,-0.2,0.4,0.5099019513592785,left,False,False
30,2,heuristic,-0.1,0.0,-0.2,0.4,0.41231056256176607,left,False,False
30,3,heuristic,-0.1,0.1,-0.2,0.4,0.316227766016838,left,False,False
30,4,heuristic,-0.1,0.2,-0.2,0.4,0.223606797749979,left,False,False
30,5,heuristic,-0.1,0.30000000000000004,-0.2,0.4,0.1414213562373095,backward,False,False
30,6,heuristic,-0.2,0.30000000000000004,-0.2,0.4,0.09999999999999998,left,True,True
31,0,heuristic,0.5,-0.2,0.0,0.6000000000000001,0.9433981132056605,left,False,False
31,1,heuristic,0.5,-0.1,0.0,0.6000000000000001,0.8602325267042628,left,False,False
31,2,heuristic,0.5,0.0,0.0,0.6000000000000001,0.7810249675906655,left,False,False
31,3,heuristic,0.5,0.1,0.0,0.6000000000000001,0.7071067811865476,left,False,False
31,4,heuristic,0.5,0.2,0.0,0.6000000000000001,0.6403124237432849,backward,False,False
31,5,heuristic,0.4,0.2,0.0,0.6000000000000001,0.5656854249492381,left,False,False
31,6,heuristic,0.4,0.30000000000000004,0.0,0.6000000000000001,0.5,backward,False,False
31,7,heuristic,0.30000000000000004,0.30000000000000004,0.0,0.6000000000000001,0.42426406871192857,backward,False,False
31,8,heuristic,0.2,0.30000000000000004,0.0,0.6000000000000001,0.36055512754639896,left,False,False
31,9,heuristic,0.2,0.4,0.0,0.6000000000000001,0.28284271247461906,backward,False,False
31,10,heuristic,0.1,0.4,0.0,0.6000000000000001,0.22360679774997902,left,False,False
31,11,heuristic,0.1,0.5,0.0,0.6000000000000001,0.14142135623730956,left,False,False
31,12,heuristic,0.1,0.6000000000000001,0.0,0.6000000000000001,0.1,backward,True,True
32,0,heuristic,0.2,-0.5,-0.30000000000000004,-0.1,0.6403124237432849,backward,False,False
32,1,heuristic,0.1,-0.5,-0.30000000000000004,-0.1,0.565685424949238,backward,False,False
32,2,heuristic,0.0,-0.5,-0.30000000000000004,-0.1,0.5,left,False,False
32,3,heuristic,0.0,-0.4,-0.30000000000000004,-0.1,0.42426406871192857,backward,False,False
32,4,heuristic,-0.1,-0.4,-0.30000000000000004,-0.1,0.360555127546399,left,False,False
32,5,heuristic,-0.1,-0.30000000000000004,-0.30000000000000004,-0.1,0.28284271247461906,backward,False,False
32,6,heuristic,-0.2,-0.30000000000000004,-0.30000000000000004,-0.1,0.22360679774997902,left,False,False
32,7,heuristic,-0.2,-0.2,-0.30000000000000004,-0.1,0.14142135623730953,backward,False,False
32,8,heuristic,-0.30000000000000004,-0.2,-0.30000000000000004,-0.1,0.1,left,True,True
33,0,heuristic,0.1,0.4,0.0,-0.30000000000000004,0.7071067811865476,right,False,False
33,1,heuristic,0.1,0.30000000000000004,0.0,-0.30000000000000004,0.608276253029822,right,False,False
33,2,heuristic,0.1,0.2,0.0,-0.30000000000000004,0.5099019513592785,right,False,False
33,3,heuristic,0.1,0.1,0.0,-0.30000000000000004,0.41231056256176607,right,False,False
33,4,heuristic,0.1,0.0,0.0,-0.30000000000000004,0.316227766016838,right,False,False
33,5,heuristic,0.1,-0.1,0.0,-0.30000000000000004,0.22360679774997902,right,False,False
33,6,heuristic,0.1,-0.2,0.0,-0.30000000000000004,0.14142135623730953,right,False,False
33,7,heuristic,0.1,-0.30000000000000004,0.0,-0.30000000000000004,0.1,backward,True,True
34,0,heuristic,0.1,0.6000000000000001,-0.7000000000000001,0.0,1.0,backward,False,False
34,1,heuristic,0.0,0.6000000000000001,-0.7000000000000001,0.0,0.9219544457292889,backward,False,False
34,2,heuristic,-0.1,0.6000000000000001,-0.7000000000000001,0.0,0.8485281374238571,backward,False,False
34,3,heuristic,-0.2,0.6000000000000001,-0.7000000000000001,0.0,0.7810249675906655,right,False,False
34,4,heuristic,-0.2,0.5,-0.7000000000000001,0.0,0.7071067811865476,backward,False,False
34,5,heuristic,-0.30000000000000004,0.5,-0.7000000000000001,0.0,0.6403124237432849,right,False,False
34,6,heuristic,-0.30000000000000004,0.4,-0.7000000000000001,0.0,0.565685424949238,backward,False,False
34,7,heuristic,-0.4,0.4,-0.7000000000000001,0.0,0.5,right,False,False
34,8,heuristic,-0.4,0.30000000000000004,-0.7000000000000001,0.0,0.42426406871192857,backward,False,False
34,9,heuristic,-0.5,0.30000000000000004,-0.7000000000000001,0.0,0.360555127546399,right,False,False
34,10,heuristic,-0.5,0.2,-0.7000000000000001,0.0,0.28284271247461906,backward,False,False
34,11,heuristic,-0.6000000000000001,0.2,-0.7000000000000001,0.0,0.22360679774997896,right,False,False
34,12,heuristic,-0.6000000000000001,0.1,-0.7000000000000001,0.0,0.1414213562373095,right,False,False
34,13,heuristic,-0.6000000000000001,0.0,-0.7000000000000001,0.0,0.09999999999999998,backward,True,True
35,0,heuristic,0.0,-0.7000000000000001,0.30000000000000004,0.30000000000000004,1.044030650891055,left,False,False
35,1,heuristic,0.0,-0.6000000000000001,0.30000000000000004,0.30000000000000004,0.948683298050514,left,False,False
35,2,heuristic,0.0,-0.5,0.30000000000000004,0.30000000000000004,0.8544003745317532,left,False,False
35,3,heuristic,0.0,-0.4,0.30000000000000004,0.30000000000000004,0.7615773105863909,left,False,False
35,4,heuristic,0.0,-0.30000000000000004,0.30000000000000004,0.30000000000000004,0.670820393249937,left,False,False
35,5,heuristic,0.0,-0.2,0.30000000000000004,0.30000000000000004,0.5830951894845301,left,False,False
35,6,heuristic,0.0,-0.1,0.30000000000000004,0.30000000000000004,0.5,left,False,False
35,7,heuristic,0.0,0.0,0.30000000000000004,0.30000000000000004,0.42426406871192857,forward,False,False
35,8,heuristic,0.1,0.0,0.30000000000000004,0.30000000000000004,0.360555127546399,left,False,False
35,9,heuristic,0.1,0.1,0.30000000000000004,0.30000000000000004,0.28284271247461906,forward,False,False
35,10,heuristic,0.2,0.1,0.30000000000000004,0.30000000000000004,0.22360679774997902,left,False,False
35,11,heuristic,0.2,0.2,0.30000000000000004,0.30000000000000004,0.14142135623730956,forward,False,False
35,12,heuristic,0.30000000000000004,0.2,0.30000000000000004,0.30000000000000004,0.10000000000000003,left,True,True
36,0,heuristic,-0.2,0.4,0.1,-0.6000000000000001,1.044030650891055,right,False,False
36,1,heuristic,-0.2,0.30000000000000004,0.1,-0.6000000000000001,0.948683298050514,right,False,False
36,2,heuristic,-0.2,0.2,0.1,-0.6000000000000001,0.8544003745317532,right,False,False
36,3,heuristic,-0.2,0.1,0.1,-0.6000000000000001,0.7615773105863909,right,False,False
36,4,heuristic,-0.2,0.0,0.1,-0.6000000000000001,0.670820393249937,right,False,False
36,5,heuristic,-0.2,-0.1,0.1,-0.6000000000000001,0.5830951894845302,right,False,False
36,6,heuristic,-0.2,-0.2,0.1,-0.6000000000000001,0.5000000000000001,right,False,False
36,7,heuristic,-0.2,-0.30000000000000004,0.1,-0.6000000000000001,0.42426406871192857,forward,False,False
36,8,heuristic,-0.1,-0.30000000000000004,0.1,-0.6000000000000001,0.36055512754639896,right,False,False
36,9,heuristic,-0.1,-0.4,0.1,-0.6000000000000001,0.28284271247461906,forward,False,False
36,10,heuristic,0.0,-0.4,0.1,-0.6000000000000001,0.22360679774997902,right,False,False
36,11,heuristic,0.0,-0.5,0.1,-0.6000000000000001,0.14142135623730956,right,False,False
36,12,heuristic,0.0,-0.6000000000000001,0.1,-0.6000000000000001,0.1,forward,True,True
37,0,heuristic,0.1,-0.4,-0.5,0.0,0.7211102550927978,backward,False,False
37,1,heuristic,0.0,-0.4,-0.5,0.0,0.6403124237432849,backward,False,False
37,2,heuristic,-0.1,-0.4,-0.5,0.0,0.565685424949238,backward,False,False
37,3,heuristic,-0.2,-0.4,-0.5,0.0,0.5,left,False,False
37,4,heuristic,-0.2,-0.30000000000000004,-0.5,0.0,0.42426406871192857,backward,False,False
37,5,heuristic,-0.30000000000000004,-0.30000000000000004,-0.5,0.0,0.36055512754639896,left,False,False
37,6,heuristic,-0.30000000000000004,-0.2,-0.5,0.0,0.282842712474619,left,False,False
37,7,heuristic,-0.30000000000000004,-0.1,-0.5,0.0,0.22360679774997894,backward,False,False
37,8,heuristic,-0.4,-0.1,-0.5,0.0,0.1414213562373095,left,False,False
37,9,heuristic,-0.4,0.0,-0.5,0.0,0.09999999999999998,backward,True,True
38,0,heuristic,0.1,0.0,-0.1,-0.6000000000000001,0.632455532033676,right,False,False
38,1,heuristic,0.1,-0.1,-0.1,-0.6000000000000001,0.5385164807134505,right,False,False
38,2,heuristic,0.1,-0.2,-0.1,-0.6000000000000001,0.44721359549995804,right,False,False
38,3,heuristic,0.1,-0.30000000000000004,-0.1,-0.6000000000000001,0.36055512754639896,right,False,False
38,4,heuristic,0.1,-0.4,-0.1,-0.6000000000000001,0.28284271247461906,backward,False,False
38,5,heuristic,0.0,-0.4,-0.1,-0.6000000000000001,0.22360679774997902,right,False,False
38,6,heuristic,0.0,-0.5,-0.1,-0.6000000000000001,0.14142135623730956,right,False,False
38,7,heuristic,0.0,-0.6000000000000001,-0.1,-0.6000000000000001,0.1,backward,True,True
39,0,heuristic,-0.6000000000000001,-0.2,-0.1,0.6000000000000001,0.9433981132056605,left,False,False
39,1,heuristic,-0.6000000000000001,-0.1,-0.1,0.6000000000000001,0.8602325267042628,left,False,False
39,2,heuristic,-0.6000000000000001,0.0,-0.1,0.6000000000000001,0.7810249675906655,left,False,False
39,3,heuristic,-0.6000000000000001,0.1,-0.1,0.6000000000000001,0.7071067811865477,forward,False,False
39,4,heuristic,-0.5,0.1,-0.1,0.6000000000000001,0.640312423743285,left,False,False
39,5,heuristic,-0.5,0.2,-0.1,0.6000000000000001,0.5656854249492381,left,False,False
39,6,heuristic,-0.5,0.30000000000000004,-0.1,0.6000000000000001,0.5,forward,False,False
39,7,heuristic,-0.4,0.30000000000000004,-0.1,0.6000000000000001,0.42426406871192857,forward,False,False
39,8,heuristic,-0.30000000000000004,0.30000000000000004,-0.1,0.6000000000000001,0.360555127546399,left,False,False
39,9,heuristic,-0.30000000000000004,0.4,-0.1,0.6000000000000001,0.28284271247461906,forward,False,False
39,10,heuristic,-0.2,0.4,-0.1,0.6000000000000001,0.22360679774997902,left,False,False
39,11,heuristic,-0.2,0.5,-0.1,0.6000000000000001,0.14142135623730956,left,False,False
39,12,heuristic,-0.2,0.6000000000000001,-0.1,0.6000000000000001,0.1,forward,True,True
40,0,heuristic,0.4,0.5,0.5,-0.5,1.004987562112089,right,False,False
40,1,heuristic,0.4,0.4,0.5,-0.5,0.9055385138137417,right,False,False
40,2,heuristic,0.4,0.30000000000000004,0.5,-0.5,0.806225774829855,right,False,False
40,3,heuristic,0.4,0.2,0.5,-0.5,0.7071067811865475,right,False,False
40,4,heuristic,0.4,0.1,0.5,-0.5,0.6082762530298219,right,False,False
40,5,heuristic,0.4,0.0,0.5,-0.5,0.5099019513592785,right,False,False
40,6,heuristic,0.4,-0.1,0.5,-0.5,0.41231056256176607,right,False,False
40,7,heuristic,0.4,-0.2,0.5,-0.5,0.31622776601683794,right,False,False
40,8,heuristic,0.4,-0.30000000000000004,0.5,-0.5,0.2236067977499789,right,False,False
40,9,heuristic,0.4,-0.4,0.5,-0.5,0.14142135623730948,forward,False,False
40,10,heuristic,0.5,-0.4,0.5,-0.5,0.09999999999999998,right,True,True
41,0,heuristic,0.0,-0.5,0.2,0.5,1.019803902718557,left,False,False
41,1,heuristic,0.0,-0.4,0.2,0.5,0.9219544457292888,left,False,False
41,2,heuristic,0.0,-0.30000000000000004,0.2,0.5,0.8246211251235321,left,False,False
41,3,heuristic,0.0,-0.2,0.2,0.5,0.7280109889280518,left,False,False
41,4,heuristic,0.0,-0.1,0.2,0.5,0.6324555320336759,left,False,False
41,5,heuristic,0.0,0.0,0.2,0.5,0.5385164807134504,left,False,False
41,6,heuristic,0.0,0.1,0.2,0.5,0.447213595499958,left,False,False
41,7,heuristic,0.0,0.2,0.2,0.5,0.3605551275463989,left,False,False
41,8,heuristic,0.0,0.30000000000000004,0.2,0.5,0.282842712474619,forward,False,False
41,9,heuristic,0.1,0.30000000000000004,0.2,0.5,0.22360679774997894,left,False,False
41,10,heuristic,0.1,0.4,0.2,0.5,0.1414213562373095,forward,False,False
41,11,heuristic,0.2,0.4,0.2,0.5,0.09999999999999998,left,True,True
42,0,heuristic,-0.5,0.5,0.5,-0.4,1.3453624047073711,forward,False,False
42,1,heuristic,-0.4,0.5,0.5,-0.4,1.2727922061357855,forward,False,False
42,2,heuristic,-0.30000000000000004,0.5,0.5,-0.4,1.2041594578792296,right,False,False
42,3,heuristic,-0.30000000000000004,0.4,0.5,-0.4,1.131370849898476,forward,False,False
42,4,heuristic,-0.2,0.4,0.5,-0.4,1.063014581273465,right,False,False
42,5,heuristic,-0.2,0.30000000000000004,0.5,-0.4,0.9899494936611666,forward,False,False
42,6,heuristic,-0.1,0.30000000000000004,0.5,-0.4,0.9219544457292888,right,False,False
42,7,heuristic,-0.1,0.2,0.5,-0.4,0.8485281374238571,right,False,False
42,8,heuristic,-0.1,0.1,0.5,-0.4,0.7810249675906654,forward,False,False
42,9,heuristic,0.0,0.1,0.5,-0.4,0.7071067811865476,forward,False,False
42,10,heuristic,0.1,0.1,0.5,-0.4,0.6403124237432849,right,False,False
42,11,heuristic,0.1,0.0,0.5,-0.4,0.565685424949238,forward,False,False
42,12,heuristic,0.2,0.0,0.5,-0.4,0.5,right,False,False
42,13,heuristic,0.2,-0.1,0.5,-0.4,0.42426406871192857,right,False,False
42,14,heuristic,0.2,-0.2,0.5,-0.4,0.3605551275463989,forward,False,False
42,15,heuristic,0.30000000000000004,-0.2,0.5,-0.4,0.282842712474619,right,False,False
42,16,heuristic,0.30000000000000004,-0.30000000000000004,0.5,-0.4,0.2236067977499789,forward,False,False
42,17,heuristic,0.4,-0.30000000000000004,0.5,-0.4,0.14142135623730948,forward,False,False
42,18,heuristic,0.5,-0.30000000000000004,0.5,-0.4,0.09999999999999998,right,True,True
43,0,heuristic,0.4,0.0,0.0,0.7000000000000001,0.806225774829855,left,False,False
43,1,heuristic,0.4,0.1,0.0,0.7000000000000001,0.7211102550927979,left,False,False
43,2,heuristic,0.4,0.2,0.0,0.7000000000000001,0.6403124237432849,left,False,False
43,3,heuristic,0.4,0.30000000000000004,0.0,0.7000000000000001,0.565685424949238,backward,False,False
43,4,heuristic,0.30000000000000004,0.30000000000000004,0.0,0.7000000000000001,0.5,left,False,False
43,5,heuristic,0.30000000000000004,0.4,0.0,0.7000000000000001,0.42426406871192857,backward,False,False
43,6,heuristic,0.2,0.4,0.0,0.7000000000000001,0.36055512754639896,left,False,False
43,7,heuristic,0.2,0.5,0.0,0.7000000000000001,0.28284271247461906,backward,False,False
43,8,heuristic,0.1,0.5,0.0,0.7000000000000001,0.22360679774997902,left,False,False
43,9,heuristic,0.1,0.6000000000000001,0.0,0.7000000000000001,0.1414213562373095,backward,False,False
43,10,heuristic,0.0,0.6000000000000001,0.0,0.7000000000000001,0.09999999999999998,left,True,True
44,0,heuristic,-0.2,-0.4,0.0,0.7000000000000001,1.118033988749895,left,False,False
44,1,heuristic,-0.2,-0.30000000000000004,0.0,0.7000000000000001,1.019803902718557,left,False,False
44,2,heuristic,-0.2,-0.2,0.0,0.7000000000000001,0.9219544457292889,left,False,False
44,3,heuristic,-0.2,-0.1,0.0,0.7000000000000001,0.8246211251235321,left,False,False
44,4,heuristic,-0.2,0.0,0.0,0.7000000000000001,0.7280109889280519,left,False,False
44,5,heuristic,-0.2,0.1,0.0,0.7000000000000001,0.632455532033676,left,False,False
44,6,heuristic,-0.2,0.2,0.0,0.7000000000000001,0.5385164807134504,left,False,False
44,7,heuristic,-0.2,0.30000000000000004,0.0,0.7000000000000001,0.447213595499958,left,False,False
44,8,heuristic,-0.2,0.4,0.0,0.7000000000000001,0.36055512754639896,left,False,False
44,9,heuristic,-0.2,0.5,0.0,0.7000000000000001,0.28284271247461906,forward,False,False
44,10,heuristic,-0.1,0.5,0.0,0.7000000000000001,0.22360679774997902,left,False,False
44,11,heuristic,-0.1,0.6000000000000001,0.0,0.7000000000000001,0.1414213562373095,forward,False,False
44,12,heuristic,0.0,0.6000000000000001,0.0,0.7000000000000001,0.09999999999999998,left,True,True
45,0,heuristic,0.6000000000000001,-0.2,-0.2,-0.2,0.8,backward,False,False
45,1,heuristic,0.5,-0.2,-0.2,-0.2,0.7,backward,False,False
45,2,heuristic,0.4,-0.2,-0.2,-0.2,0.6000000000000001,backward,False,False
45,3,heuristic,0.30000000000000004,-0.2,-0.2,-0.2,0.5,backward,False,False
45,4,heuristic,0.2,-0.2,-0.2,-0.2,0.4,backward,False,False
45,5,heuristic,0.1,-0.2,-0.2,-0.2,0.30000000000000004,backward,False,False
45,6,heuristic,0.0,-0.2,-0.2,-0.2,0.2,backward,False,False
45,7,heuristic,-0.1,-0.2,-0.2,-0.2,0.1,backward,True,True
46,0,heuristic,0.0,0.1,0.0,-0.5,0.6,right,False,False
46,1,heuristic,0.0,0.0,0.0,-0.5,0.5,right,False,False
46,2,heuristic,0.0,-0.1,0.0,-0.5,0.4,right,False,False
46,3,heuristic,0.0,-0.2,0.0,-0.5,0.3,right,False,False
46,4,heuristic,0.0,-0.30000000000000004,0.0,-0.5,0.19999999999999996,right,False,False
46,5,heuristic,0.0,-0.4,0.0,-0.5,0.09999999999999998,right,True,True
47,0,heuristic,0.5,0.30000000000000004,0.0,-0.4,0.8602325267042628,right,False,False
47,1,heuristic,0.5,0.2,0.0,-0.4,0.7810249675906655,right,False,False
47,2,heuristic,0.5,0.1,0.0,-0.4,0.7071067811865476,backward,False,False
47,3,heuristic,0.4,0.1,0.0,-0.4,0.6403124237432849,right,False,False
47,4,heuristic,0.4,0.0,0.0,-0.4,0.565685424949238,backward,False,False
47,5,heuristic,0.30000000000000004,0.0,0.0,-0.4,0.5,right,False,False
47,6,heuristic,0.30000000000000004,-0.1,0.0,-0.4,0.42426406871192857,right,False,False
47,7,heuristic,0.30000000000000004,-0.2,0.0,-0.4,0.36055512754639896,backward,False,False
47,8,heuristic,0.2,-0.2,0.0,-0.4,0.282842712474619,right,False,False
47,9,heuristic,0.2,-0.30000000000000004,0.0,-0.4,0.22360679774997896,backward,False,False
47,10,heuristic,0.1,-0.30000000000000004,0.0,-0.4,0.1414213562373095,backward,False,False
47,11,heuristic,0.0,-0.30000000000000004,0.0,-0.4,0.09999999999999998,right,True,True
48,0,heuristic,0.4,0.30000000000000004,-0.4,-0.2,0.9433981132056605,backward,False,False
48,1,heuristic,0.30000000000000004,0.30000000000000004,-0.4,-0.2,0.8602325267042628,backward,False,False
48,2,heuristic,0.2,0.30000000000000004,-0.4,-0.2,0.7810249675906655,backward,False,False
48,3,heuristic,0.1,0.30000000000000004,-0.4,-0.2,0.7071067811865476,backward,False,False
48,4,heuristic,0.0,0.30000000000000004,-0.4,-0.2,0.6403124237432849,right,False,False
48,5,heuristic,0.0,0.2,-0.4,-0.2,0.565685424949238,backward,False,False
48,6,heuristic,-0.1,0.2,-0.4,-0.2,0.5,right,False,False
48,7,heuristic,-0.1,0.1,-0.4,-0.2,0.42426406871192857,backward,False,False
48,8,heuristic,-0.2,0.1,-0.4,-0.2,0.36055512754639896,right,False,False
48,9,heuristic,-0.2,0.0,-0.4,-0.2,0.282842712474619,backward,False,False
48,10,heuristic,-0.30000000000000004,0.0,-0.4,-0.2,0.22360679774997896,right,False,False
48,11,heuristic,-0.30000000000000004,-0.1,-0.4,-0.2,0.1414213562373095,right,False,False
48,12,heuristic,-0.30000000000000004,-0.2,-0.4,-0.2,0.09999999999999998,backward,True,True
49,0,heuristic,-0.4,-0.4,0.30000000000000004,-0.1,0.7615773105863909,forward,False,False
49,1,heuristic,-0.30000000000000004,-0.4,0.30000000000000004,-0.1,0.670820393249937,forward,False,False
49,2,heuristic,-0.2,-0.4,0.30000000000000004,-0.1,0.5830951894845301,forward,False,False
49,3,heuristic,-0.1,-0.4,0.30000000000000004,-0.1,0.5,forward,False,False
49,4,heuristic,0.0,-0.4,0.30000000000000004,-0.1,0.42426406871192857,forward,False,False
49,5,heuristic,0.1,-0.4,0.30000000000000004,-0.1,0.360555127546399,left,False,False
49,6,heuristic,0.1,-0.30000000000000004,0.30000000000000004,-0.1,0.28284271247461906,forward,False,False
49,7,heuristic,0.2,-0.30000000000000004,0.30000000000000004,-0.1,0.22360679774997902,left,False,False
49,8,heuristic,0.2,-0.2,0.30000000000000004,-0.1,0.14142135623730953,forward,False,False
49,9,heuristic,0.30000000000000004,-0.2,0.30000000000000004,-0.1,0.1,left,True,True
50,0,heuristic,-0.4,0.30000000000000004,0.1,-0.5,0.9433981132056605,right,False,False
50,1,heuristic,-0.4,0.2,0.1,-0.5,0.8602325267042626,right,False,False
50,2,heuristic,-0.4,0.1,0.1,-0.5,0.7810249675906654,right,False,False
50,3,heuristic,-0.4,0.0,0.1,-0.5,0.7071067811865476,forward,False,False
50,4,heuristic,-0.30000000000000004,0.0,0.1,-0.5,0.6403124237432849,right,False,False
50,5,heuristic,-0.30000000000000004,-0.1,0.1,-0.5,0.565685424949238,forward,False,False
50,6,heuristic,-0.2,-0.1,0.1,-0.5,0.5,right,False,False
50,7,heuristic,-0.2,-0.2,0.1,-0.5,0.42426406871192857,forward,False,False
50,8,heuristic,-0.1,-0.2,0.1,-0.5,0.3605551275463989,right,False,False
50,9,heuristic,-0.1,-0.30000000000000004,0.1,-0.5,0.282842712474619,forward,False,False
50,10,heuristic,0.0,-0.30000000000000004,0.1,-0.5,0.22360679774997894,right,False,False
50,11,heuristic,0.0,-0.4,0.1,-0.5,0.1414213562373095,forward,False,False
50,12,heuristic,0.1,-0.4,0.1,-0.5,0.09999999999999998,right,True,True
51,0,heuristic,0.1,0.7000000000000001,-0.2,-0.5,1.2369316876852983,right,False,False
51,1,heuristic,0.1,0.6000000000000001,-0.2,-0.5,1.140175425099138,right,False,False
51,2,heuristic,0.1,0.5,-0.2,-0.5,1.044030650891055,right,False,False
51,3,heuristic,0.1,0.4,-0.2,-0.5,0.9486832980505139,right,False,False
51,4,heuristic,0.1,0.30000000000000004,-0.2,-0.5,0.8544003745317532,right,False,False
51,5,heuristic,0.1,0.2,-0.2,-0.5,0.7615773105863908,right,False,False
51,6,heuristic,0.1,0.1,-0.2,-0.5,0.6708203932499369,right,False,False
51,7,heuristic,0.1,0.0,-0.2,-0.5,0.5830951894845301,right,False,False
51,8,heuristic,0.1,-0.1,-0.2,-0.5,0.5,right,False,False
51,9,heuristic,0.1,-0.2,-0.2,-0.5,0.42426406871192857,backward,False,False
51,10,heuristic,0.0,-0.2,-0.2,-0.5,0.3605551275463989,right,False,False
51,11,heuristic,0.0,-0.30000000000000004,-0.2,-0.5,0.282842712474619,backward,False,False
51,12,heuristic,-0.1,-0.30000000000000004,-0.2,-0.5,0.22360679774997894,right,False,False
51,13,heuristic,-0.1,-0.4,-0.2,-0.5,0.1414213562373095,backward,False,False
51,14,heuristic,-0.2,-0.4,-0.2,-0.5,0.09999999999999998,right,True,True
52,0,heuristic,-0.30000000000000004,0.5,0.30000000000000004,0.4,0.608276253029822,forward,False,False
52,1,heuristic,-0.2,0.5,0.30000000000000004,0.4,0.5099019513592785,forward,False,False
52,2,heuristic,-0.1,0.5,0.30000000000000004,0.4,0.41231056256176607,forward,False,False
52,3,heuristic,0.0,0.5,0.30000000000000004,0.4,0.31622776601683794,forward,False,False
52,4,heuristic,0.1,0.5,0.30000000000000004,0.4,0.223606797749979,forward,False,False
52,5,heuristic,0.2,0.5,0.30000000000000004,0.4,0.1414213562373095,forward,False,False
52,6,heuristic,0.30000000000000004,0.5,0.30000000000000004,0.4,0.09999999999999998,right,True,True
53,0,heuristic,-0.6000000000000001,0.30000000000000004,0.1,-0.4,0.9899494936611666,forward,False,False
53,1,heuristic,-0.5,0.30000000000000004,0.1,-0.4,0.9219544457292888,right,False,False
53,2,heuristic,-0.5,0.2,0.1,-0.4,0.8485281374238571,right,False,False
53,3,heuristic,-0.5,0.1,0.1,-0.4,0.7810249675906654,forward,False,False
53,4,heuristic,-0.4,0.1,0.1,-0.4,0.7071067811865476,forward,False,False
53,5,heuristic,-0.30000000000000004,0.1,0.1,-0.4,0.6403124237432849,right,False,False
53,6,heuristic,-0.30000000000000004,0.0,0.1,-0.4,0.565685424949238,forward,False,False
53,7,heuristic,-0.2,0.0,0.1,-0.4,0.5,right,False,False
53,8,heuristic,-0.2,-0.1,0.1,-0.4,0.42426406871192857,forward,False,False
53,9,heuristic,-0.1,-0.1,0.1,-0.4,0.36055512754639896,right,False,False
53,10,heuristic,-0.1,-0.2,0.1,-0.4,0.282842712474619,right,False,False
53,11,heuristic,-0.1,-0.30000000000000004,0.1,-0.4,0.22360679774997896,forward,False,False
53,12,heuristic,0.0,-0.30000000000000004,0.1,-0.4,0.1414213562373095,forward,False,False
53,13,heuristic,0.1,-0.30000000000000004,0.1,-0.4,0.09999999999999998,right,True,True
54,0,heuristic,-0.5,0.4,0.7000000000000001,-0.1,1.3000000000000003,forward,False,False
54,1,heuristic,-0.4,0.4,0.7000000000000001,-0.1,1.2083045973594573,forward,False,False
54,2,heuristic,-0.30000000000000004,0.4,0.7000000000000001,-0.1,1.118033988749895,forward,False,False
54,3,heuristic,-0.2,0.4,0.7000000000000001,-0.1,1.0295630140987002,forward,False,False
54,4,heuristic,-0.1,0.4,0.7000000000000001,-0.1,0.9433981132056605,forward,False,False
54,5,heuristic,0.0,0.4,0.7000000000000001,-0.1,0.8602325267042628,forward,False,False
54,6,heuristic,0.1,0.4,0.7000000000000001,-0.1,0.7810249675906655,forward,False,False
54,7,heuristic,0.2,0.4,0.7000000000000001,-0.1,0.7071067811865476,forward,False,False
54,8,heuristic,0.30000000000000004,0.4,0.7000000000000001,-0.1,0.6403124237432849,right,False,False
54,9,heuristic,0.30000000000000004,0.30000000000000004,0.7000000000000001,-0.1,0.565685424949238,forward,False,False
54,10,heuristic,0.4,0.30000000000000004,0.7000000000000001,-0.1,0.5,right,False,False
54,11,heuristic,0.4,0.2,0.7000000000000001,-0.1,0.42426406871192857,right,False,False
54,12,heuristic,0.4,0.1,0.7000000000000001,-0.1,0.36055512754639896,forward,False,False
54,13,heuristic,0.5,0.1,0.7000000000000001,-0.1,0.28284271247461906,forward,False,False
54,14,heuristic,0.6000000000000001,0.1,0.7000000000000001,-0.1,0.22360679774997896,right,False,False
54,15,heuristic,0.6000000000000001,0.0,0.7000000000000001,-0.1,0.1414213562373095,right,False,False
54,16,heuristic,0.6000000000000001,-0.1,0.7000000000000001,-0.1,0.09999999999999998,forward,True,True
55,0,heuristic,-0.5,-0.4,0.4,0.1,1.0295630140987,forward,False,False
55,1,heuristic,-0.4,-0.4,0.4,0.1,0.9433981132056605,forward,False,False
55,2,heuristic,-0.30000000000000004,-0.4,0.4,0.1,0.8602325267042628,forward,False,False
55,3,heuristic,-0.2,-0.4,0.4,0.1,0.7810249675906655,forward,False,False
55,4,heuristic,-0.1,-0.4,0.4,0.1,0.7071067811865476,forward,False,False
55,5,heuristic,0.0,-0.4,0.4,0.1,0.6403124237432849,left,False,False
55,6,heuristic,0.0,-0.30000000000000004,0.4,0.1,0.565685424949238,forward,False,False
55,7,heuristic,0.1,-0.30000000000000004,0.4,0.1,0.5,left,False,False
55,8,heuristic,0.1,-0.2,0.4,0.1,0.42426406871192857,forward,False,False
55,9,heuristic,0.2,-0.2,0.4,0.1,0.36055512754639896,left,False,False
55,10,heuristic,0.2,-0.1,0.4,0.1,0.282842712474619,forward,False,False
55,11,heuristic,0.30000000000000004,-0.1,0.4,0.1,0.22360679774997896,left,False,False
55,12,heuristic,0.30000000000000004,0.0,0.4,0.1,0.1414213562373095,left,False,False
55,13,heuristic,0.30000000000000004,0.1,0.4,0.1,0.09999999999999998,forward,True,True
56,0,heuristic,0.4,-0.4,0.2,0.6000000000000001,1.019803902718557,left,False,False
56,1,heuristic,0.4,-0.30000000000000004,0.2,0.6000000000000001,0.9219544457292889,left,False,False
56,2,heuristic,0.4,-0.2,0.2,0.6000000000000001,0.8246211251235321,left,False,False
56,3,heuristic,0.4,-0.1,0.2,0.6000000000000001,0.7280109889280519,left,False,False
56,4,heuristic,0.4,0.0,0.2,0.6000000000000001,0.632455532033676,left,False,False
56,5,heuristic,0.4,0.1,0.2,0.6000000000000001,0.5385164807134505,left,False,False
56,6,heuristic,0.4,0.2,0.2,0.6000000000000001,0.44721359549995804,left,False,False
56,7,heuristic,0.4,0.30000000000000004,0.2,0.6000000000000001,0.36055512754639896,left,False,False
56,8,heuristic,0.4,0.4,0.2,0.6000000000000001,0.28284271247461906,left,False,False
56,9,heuristic,0.4,0.5,0.2,0.6000000000000001,0.22360679774997902,backward,False,False
56,10,heuristic,0.30000000000000004,0.5,0.2,0.6000000000000001,0.1414213562373096,left,False,False
56,11,heuristic,0.30000000000000004,0.6000000000000001,0.2,0.6000000000000001,0.10000000000000003,backward,True,True
57,0,heuristic,0.30000000000000004,-0.30000000000000004,-0.6000000000000001,-0.1,0.9219544457292889,backward,False,False
57,1,heuristic,0.2,-0.30000000000000004,-0.6000000000000001,-0.1,0.8246211251235321,backward,False,False
57,2,heuristic,0.1,-0.30000000000000004,-0.6000000000000001,-0.1,0.7280109889280519,backward,False,False
57,3,heuristic,0.0,-0.30000000000000004,-0.6000000000000001,-0.1,0.632455532033676,backward,False,False
57,4,heuristic,-0.1,-0.30000000000000004,-0.6000000000000001,-0.1,0.5385164807134505,backward,False,False
57,5,heuristic,-0.2,-0.30000000000000004,-0.6000000000000001,-0.1,0.44721359549995804,backward,False,False
57,6,heuristic,-0.30000000000000004,-0.30000000000000004,-0.6000000000000001,-0.1,0.360555127546399,backward,False,False
57,7,heuristic,-0.4,-0.30000000000000004,-0.6000000000000001,-0.1,0.28284271247461906,backward,False,False
57,8,heuristic,-0.5,-0.30000000000000004,-0.6000000000000001,-0.1,0.22360679774997905,left,False,False
57,9,heuristic,-0.5,-0.2,-0.6000000000000001,-0.1,0.14142135623730956,backward,False,False
57,10,heuristic,-0.6000000000000001,-0.2,-0.6000000000000001,-0.1,0.1,left,True,True
58,0,heuristic,-0.30000000000000004,-0.6000000000000001,0.0,0.6000000000000001,1.2369316876852983,left,False,False
58,1,heuristic,-0.30000000000000004,-0.5,0.0,0.6000000000000001,1.140175425099138,left,False,False
58,2,heuristic,-0.30000000000000004,-0.4,0.0,0.6000000000000001,1.044030650891055,left,False,False
58,3,heuristic,-0.30000000000000004,-0.30000000000000004,0.0,0.6000000000000001,0.948683298050514,left,False,False
58,4,heuristic,-0.30000000000000004,-0.2,0.0,0.6000000000000001,0.8544003745317532,left,False,False
58,5,heuristic,-0.30000000000000004,-0.1,0.0,0.6000000000000001,0.7615773105863909,left,False,False
58,6,heuristic,-0.30000000000000004,0.0,0.0,0.6000000000000001,0.670820393249937,left,False,False
58,7,heuristic,-0.30000000000000004,0.1,0.0,0.6000000000000001,0.5830951894845302,left,False,False
58,8,heuristic,-0.30000000000000004,0.2,0.0,0.6000000000000001,0.5000000000000001,left,False,False
58,9,heuristic,-0.30000000000000004,0.30000000000000004,0.0,0.6000000000000001,0.42426406871192857,forward,False,False
58,10,heuristic,-0.2,0.30000000000000004,0.0,0.6000000000000001,0.36055512754639896,left,False,False
58,11,heuristic,-0.2,0.4,0.0,0.6000000000000001,0.28284271247461906,forward,False,False
58,12,heuristic,-0.1,0.4,0.0,0.6000000000000001,0.22360679774997902,left,False,False
58,13,heuristic,-0.1,0.5,0.0,0.6000000000000001,0.14142135623730956,left,False,False
58,14,heuristic,-0.1,0.6000000000000001,0.0,0.6000000000000001,0.1,forward,True,True
59,0,heuristic,-0.1,-0.7000000000000001,-0.2,0.5,1.2041594578792296,left,False,False
59,1,heuristic,-0.1,-0.6000000000000001,-0.2,0.5,1.104536101718726,left,False,False
59,2,heuristic,-0.1,-0.5,-0.2,0.5,1.004987562112089,left,False,False
59,3,heuristic,-0.1,-0.4,-0.2,0.5,0.9055385138137417,left,False,False
59,4,heuristic,-0.1,-0.30000000000000004,-0.2,0.5,0.806225774829855,left,False,False
59,5,heuristic,-0.1,-0.2,-0.2,0.5,0.7071067811865475,left,False,False
59,6,heuristic,-0.1,-0.1,-0.2,0.5,0.6082762530298219,left,False,False
59,7,heuristic,-0.1,0.0,-0.2,0.5,0.5099019513592785,left,False,False
59,8,heuristic,-0.1,0.1,-0.2,0.5,0.41231056256176607,left,False,False
59,9,heuristic,-0.1,0.2,-0.2,0.5,0.31622776601683794,left,False,False
59,10,heuristic,-0.1,0.30000000000000004,-0.2,0.5,0.22360679774997894,left,False,False
59,11,heuristic,-0.1,0.4,-0.2,0.5,0.1414213562373095,backward,False,False
59,12,heuristic,-0.2,0.4,-0.2,0.5,0.09999999999999998,left,True,True
60,0,heuristic,0.4,0.1,-0.30000000000000004,0.1,0.7000000000000001,backward,False,False
60,1,heuristic,0.30000000000000004,0.1,-0.30000000000000004,0.1,0.6000000000000001,backward,False,False
60,2,heuristic,0.2,0.1,-0.30000000000000004,0.1,0.5,backward,False,False
60,3,heuristic,0.1,0.1,-0.30000000000000004,0.1,0.4,backward,False,False
60,4,heuristic,0.0,0.1,-0.30000000000000004,0.1,0.30000000000000004,backward,False,False
60,5,heuristic,-0.1,0.1,-0.30000000000000004,0.1,0.20000000000000004,backward,False,False
60,6,heuristic,-0.2,0.1,-0.30000000000000004,0.1,0.10000000000000003,backward,True,True
61,0,heuristic,0.1,-0.7000000000000001,-0.5,0.2,1.0816653826391969,left,False,False
61,1,heuristic,0.1,-0.6000000000000001,-0.5,0.2,1.0,left,False,False
61,2,heuristic,0.1,-0.5,-0.5,0.2,0.9219544457292886,left,False,False
61,3,heuristic,0.1,-0.4,-0.5,0.2,0.8485281374238571,left,False,False
61,4,heuristic,0.1,-0.30000000000000004,-0.5,0.2,0.7810249675906654,backward,False,False
61,5,heuristic,0.0,-0.30000000000000004,-0.5,0.2,0.7071067811865476,backward,False,False
61,6,heuristic,-0.1,-0.30000000000000004,-0.5,0.2,0.6403124237432849,left,False,False
61,7,heuristic,-0.1,-0.2,-0.5,0.2,0.565685424949238,backward,False,False
61,8,heuristic,-0.2,-0.2,-0.5,0.2,0.5,left,False,False
61,9,heuristic,-0.2,-0.1,-0.5,0.2,0.42426406871192857,left,False,False
61,10,heuristic,-0.2,0.0,-0.5,0.2,0.3605551275463989,backward,False,False
61,11,heuristic,-0.30000000000000004,0.0,-0.5,0.2,0.282842712474619,left,False,False
61,12,heuristic,-0.30000000000000004,0.1,-0.5,0.2,0.22360679774997894,backward,False,False
61,13,heuristic,-0.4,0.1,-0.5,0.2,0.1414213562373095,left,False,False
61,14,heuristic,-0.4,0.2,-0.5,0.2,0.09999999999999998,backward,True,True
62,0,heuristic,0.2,-0.1,-0.5,-0.2,0.7071067811865475,backward,False,False
62,1,heuristic,0.1,-0.1,-0.5,-0.2,0.6082762530298219,backward,False,False
62,2,heuristic,0.0,-0.1,-0.5,-0.2,0.5099019513592785,backward,False,False
62,3,heuristic,-0.1,-0.1,-0.5,-0.2,0.41231056256176607,backward,False,False
62,4,heuristic,-0.2,-0.1,-0.5,-0.2,0.31622776601683794,backward,False,False
62,5,heuristic,-0.30000000000000004,-0.1,-0.5,-0.2,0.22360679774997894,backward,False,False
62,6,heuristic,-0.4,-0.1,-0.5,-0.2,0.1414213562373095,right,False,False
62,7,heuristic,-0.4,-0.2,-0.5,-0.2,0.09999999999999998,backward,True,True
63,0,heuristic,0.0,0.30000000000000004,0.7000000000000001,0.0,0.7615773105863909,forward,False,False
63,1,heuristic,0.1,0.30000000000000004,0.7000000000000001,0.0,0.670820393249937,forward,False,False
63,2,heuristic,0.2,0.30000000000000004,0.7000000000000001,0.0,0.5830951894845301,forward,False,False
63,3,heuristic,0.30000000000000004,0.30000000000000004,0.7000000000000001,0.0,0.5,forward,False,False
63,4,heuristic,0.4,0.30000000000000004,0.7000000000000001,0.0,0.42426406871192857,forward,False,False
63,5,heuristic,0.5,0.30000000000000004,0.7000000000000001,0.0,0.360555127546399,right,False,False
63,6,heuristic,0.5,0.2,0.7000000000000001,0.0,0.28284271247461906,forward,False,False
63,7,heuristic,0.6000000000000001,0.2,0.7000000000000001,0.0,0.22360679774997896,right,False,False
63,8,heuristic,0.6000000000000001,0.1,0.7000000000000001,0.0,0.1414213562373095,right,False,False
63,9,heuristic,0.6000000000000001,0.0,0.7000000000000001,0.0,0.09999999999999998,forward,True,True
64,0,heuristic,-0.2,-0.30000000000000004,-0.1,0.30000000000000004,0.608276253029822,left,False,False
64,1,heuristic,-0.2,-0.2,-0.1,0.30000000000000004,0.5099019513592785,left,False,False
64,2,heuristic,-0.2,-0.1,-0.1,0.30000000000000004,0.41231056256176607,left,False,False
64,3,heuristic,-0.2,0.0,-0.1,0.30000000000000004,0.316227766016838,left,False,False
64,4,heuristic,-0.2,0.1,-0.1,0.30000000000000004,0.22360679774997902,left,False,False
64,5,heuristic,-0.2,0.2,-0.1,0.30000000000000004,0.14142135623730953,left,False,False
64,6,heuristic,-0.2,0.30000000000000004,-0.1,0.30000000000000004,0.1,forward,True,True
65,0,heuristic,0.0,0.1,-0.6000000000000001,0.1,0.6000000000000001,backward,False,False
65,1,heuristic,-0.1,0.1,-0.6000000000000001,0.1,0.5000000000000001,backward,False,False
65,2,heuristic,-0.2,0.1,-0.6000000000000001,0.1,0.4000000000000001,backward,False,False
65,3,heuristic,-0.30000000000000004,0.1,-0.6000000000000001,0.1,0.30000000000000004,backward,False,False
65,4,heuristic,-0.4,0.1,-0.6000000000000001,0.1,0.20000000000000007,backward,False,False
65,5,heuristic,-0.5,0.1,-0.6000000000000001,0.1,0.10000000000000009,backward,True,True
66,0,heuristic,0.7000000000000001,0.1,-0.4,-0.1,1.118033988749895,backward,False,False
66,1,heuristic,0.6000000000000001,0.1,-0.4,-0.1,1.019803902718557,backward,False,False
66,2,heuristic,0.5,0.1,-0.4,-0.1,0.9219544457292888,backward,False,False
66,3,heuristic,0.4,0.1,-0.4,-0.1,0.8246211251235321,backward,False,False
66,4,heuristic,0.30000000000000004,0.1,-0.4,-0.1,0.7280109889280519,backward,False,False
66,5,heuristic,0.2,0.1,-0.4,-0.1,0.632455532033676,backward,False,False
66,6,heuristic,0.1,0.1,-0.4,-0.1,0.5385164807134504,backward,False,False
66,7,heuristic,0.0,0.1,-0.4,-0.1,0.447213595499958,backward,False,False
66,8,heuristic,-0.1,0.1,-0.4,-0.1,0.36055512754639896,backward,False,False
66,9,heuristic,-0.2,0.1,-0.4,-0.1,0.282842712474619,backward,False,False
66,10,heuristic,-0.30000000000000004,0.1,-0.4,-0.1,0.22360679774997896,right,False,False
66,11,heuristic,-0.30000000000000004,0.0,-0.4,-0.1,0.1414213562373095,right,False,False
66,12,heuristic,-0.30000000000000004,-0.1,-0.4,-0.1,0.09999999999999998,backward,True,True
67,0,heuristic,0.6000000000000001,-0.1,-0.5,-0.30000000000000004,1.118033988749895,backward,False,False
67,1,heuristic,0.5,-0.1,-0.5,-0.30000000000000004,1.019803902718557,backward,False,False
67,2,heuristic,0.4,-0.1,-0.5,-0.30000000000000004,0.9219544457292888,backward,False,False
67,3,heuristic,0.30000000000000004,-0.1,-0.5,-0.30000000000000004,0.8246211251235321,backward,False,False
67,4,heuristic,0.2,-0.1,-0.5,-0.30000000000000004,0.7280109889280518,backward,False,False
67,5,heuristic,0.1,-0.1,-0.5,-0.30000000000000004,0.6324555320336759,backward,False,False
67,6,heuristic,0.0,-0.1,-0.5,-0.30000000000000004,0.5385164807134504,backward,False,False
67,7,heuristic,-0.1,-0.1,-0.5,-0.30000000000000004,0.447213595499958,backward,False,False
67,8,heuristic,-0.2,-0.1,-0.5,-0.30000000000000004,0.36055512754639896,backward,False,False
67,9,heuristic,-0.30000000000000004,-0.1,-0.5,-0.30000000000000004,0.282842712474619,right,False,False
67,10,heuristic,-0.30000000000000004,-0.2,-0.5,-0.30000000000000004,0.22360679774997894,backward,False,False
67,11,heuristic,-0.4,-0.2,-0.5,-0.30000000000000004,0.1414213562373095,right,False,False
67,12,heuristic,-0.4,-0.30000000000000004,-0.5,-0.30000000000000004,0.09999999999999998,backward,True,True
68,0,heuristic,-0.30000000000000004,-0.1,0.1,0.7000000000000001,0.894427190999916,left,False,False
68,1,heuristic,-0.30000000000000004,0.0,0.1,0.7000000000000001,0.806225774829855,left,False,False
68,2,heuristic,-0.30000000000000004,0.1,0.1,0.7000000000000001,0.7211102550927979,left,False,False
68,3,heuristic,-0.30000000000000004,0.2,0.1,0.7000000000000001,0.6403124237432849,left,False,False
68,4,heuristic,-0.30000000000000004,0.30000000000000004,0.1,0.7000000000000001,0.565685424949238,forward,False,False
68,5,heuristic,-0.2,0.30000000000000004,0.1,0.7000000000000001,0.5,left,False,False
68,6,heuristic,-0.2,0.4,0.1,0.7000000000000001,0.42426406871192857,forward,False,False
68,7,heuristic,-0.1,0.4,0.1,0.7000000000000001,0.36055512754639896,left,False,False
68,8,heuristic,-0.1,0.5,0.1,0.7000000000000001,0.28284271247461906,forward,False,False
68,9,heuristic,0.0,0.5,0.1,0.7000000000000001,0.22360679774997902,left,False,False
68,10,heuristic,0.0,0.6000000000000001,0.1,0.7000000000000001,0.1414213562373095,forward,False,False
68,11,heuristic,0.1,0.6000000000000001,0.1,0.7000000000000001,0.09999999999999998,left,True,True
69,0,heuristic,0.30000000000000004,-0.1,-0.4,0.4,0.8602325267042628,backward,False,False
69,1,heuristic,0.2,-0.1,-0.4,0.4,0.7810249675906655,backward,False,False
69,2,heuristic,0.1,-0.1,-0.4,0.4,0.7071067811865476,backward,False,False
69,3,heuristic,0.0,-0.1,-0.4,0.4,0.6403124237432849,left,False,False
69,4,heuristic,0.0,0.0,-0.4,0.4,0.565685424949238,backward,False,False
69,5,heuristic,-0.1,0.0,-0.4,0.4,0.5,left,False,False
69,6,heuristic,-0.1,0.1,-0.4,0.4,0.42426406871192857,backward,False,False
69,7,heuristic,-0.2,0.1,-0.4,0.4,0.36055512754639896,left,False,False
69,8,heuristic,-0.2,0.2,-0.4,0.4,0.282842712474619,backward,False,False
69,9,heuristic,-0.30000000000000004,0.2,-0.4,0.4,0.22360679774997896,left,False,False
69,10,heuristic,-0.30000000000000004,0.30000000000000004,-0.4,0.4,0.14142135623730948,backward,False,False
69,11,heuristic,-0.4,0.30000000000000004,-0.4,0.4,0.09999999999999998,left,True,True
70,0,heuristic,0.2,0.4,-0.30000000000000004,-0.4,0.9433981132056605,right,False,False
70,1,heuristic,0.2,0.30000000000000004,-0.30000000000000004,-0.4,0.8602325267042628,right,False,False
70,2,heuristic,0.2,0.2,-0.30000000000000004,-0.4,0.7810249675906655,right,False,False
70,3,heuristic,0.2,0.1,-0.30000000000000004,-0.4,0.7071067811865476,backward,False,False
70,4,heuristic,0.1,0.1,-0.30000000000000004,-0.4,0.6403124237432849,right,False,False
70,5,heuristic,0.1,0.0,-0.30000000000000004,-0.4,0.565685424949238,backward,False,False
70,6,heuristic,0.0,0.0,-0.30000000000000004,-0.4,0.5,right,False,False
70,7,heuristic,0.0,-0.1,-0.30000000000000004,-0.4,0.42426406871192857,right,False,False
70,8,heuristic,0.0,-0.2,-0.30000000000000004,-0.4,0.36055512754639896,backward,False,False
70,9,heuristic,-0.1,-0.2,-0.30000000000000004,-0.4,0.28284271247461906,backward,False,False
70,10,heuristic,-0.2,-0.2,-0.30000000000000004,-0.4,0.223606797749979,right,False,False
70,11,heuristic,-0.2,-0.30000000000000004,-0.30000000000000004,-0.4,0.1414213562373095,backward,False,False
70,12,heuristic,-0.30000000000000004,-0.30000000000000004,-0.30000000000000004,-0.4,0.09999999999999998,right,True,True
71,0,heuristic,0.6000000000000001,0.2,-0.2,0.1,0.806225774829855,backward,False,False
71,1,heuristic,0.5,0.2,-0.2,0.1,0.7071067811865475,backward,False,False
71,2,heuristic,0.4,0.2,-0.2,0.1,0.608276253029822,backward,False,False
71,3,heuristic,0.30000000000000004,0.2,-0.2,0.1,0.5099019513592785,backward,False,False
71,4,heuristic,0.2,0.2,-0.2,0.1,0.41231056256176607,backward,False,False
71,5,heuristic,0.1,0.2,-0.2,0.1,0.316227766016838,backward,False,False
71,6,heuristic,0.0,0.2,-0.2,0.1,0.223606797749979,backward,False,False
71,7,heuristic,-0.1,0.2,-0.2,0.1,0.1414213562373095,backward,False,False
71,8,heuristic,-0.2,0.2,-0.2,0.1,0.1,right,True,True
72,0,heuristic,-0.5,0.1,0.2,0.0,0.7071067811865475,forward,False,False
72,1,heuristic,-0.4,0.1,0.2,0.0,0.608276253029822,forward,False,False
72,2,heuristic,-0.30000000000000004,0.1,0.2,0.0,0.5099019513592785,forward,False,False
72,3,heuristic,-0.2,0.1,0.2,0.0,0.41231056256176607,forward,False,False
72,4,heuristic,-0.1,0.1,0.2,0.0,0.316227766016838,forward,False,False
72,5,heuristic,0.0,0.1,0.2,0.0,0.223606797749979,forward,False,False
72,6,heuristic,0.1,0.1,0.2,0.0,0.1414213562373095,forward,False,False
72,7,heuristic,0.2,0.1,0.2,0.0,0.1,right,True,True
73,0,heuristic,0.1,0.4,-0.1,-0.5,0.9219544457292888,right,False,False
73,1,heuristic,0.1,0.30000000000000004,-0.1,-0.5,0.8246211251235321,right,False,False
73,2,heuristic,0.1,0.2,-0.1,-0.5,0.7280109889280518,right,False,False
73,3,heuristic,0.1,0.1,-0.1,-0.5,0.6324555320336759,right,False,False
73,4,heuristic,0.1,0.0,-0.1,-0.5,0.5385164807134504,right,False,False
73,5,heuristic,0.1,-0.1,-0.1,-0.5,0.447213595499958,right,False,False
73,6,heuristic,0.1,-0.2,-0.1,-0.5,0.3605551275463989,right,False,False
73,7,heuristic,0.1,-0.30000000000000004,-0.1,-0.5,0.282842712474619,backward,False,False
73,8,heuristic,0.0,-0.30000000000000004,-0.1,-0.5,0.22360679774997894,right,False,False
73,9,heuristic,0.0,-0.4,-0.1,-0.5,0.1414213562373095,backward,False,False
73,10,heuristic,-0.1,-0.4,-0.1,-0.5,0.09999999999999998,right,True,True
74,0,heuristic,0.5,-0.5,0.2,0.1,0.6708203932499369,left,False,False
74,1,heuristic,0.5,-0.4,0.2,0.1,0.5830951894845301,left,False,False
74,2,heuristic,0.5,-0.30000000000000004,0.2,0.1,0.5,left,False,False
74,3,heuristic,0.5,-0.2,0.2,0.1,0.42426406871192857,left,False,False
74,4,heuristic,0.5,-0.1,0.2,0.1,0.3605551275463989,backward,False,False
74,5,heuristic,0.4,-0.1,0.2,0.1,0.282842712474619,backward,False,False
74,6,heuristic,0.30000000000000004,-0.1,0.2,0.1,0.223606797749979,left,False,False
74,7,heuristic,0.30000000000000004,0.0,0.2,0.1,0.14142135623730953,backward,False,False
74,8,heuristic,0.2,0.0,0.2,0.1,0.1,left,True,True
75,0,heuristic,-0.30000000000000004,0.1,-0.30000000000000004,-0.6000000000000001,0.7000000000000001,right,False,False
75,1,heuristic,-0.30000000000000004,0.0,-0.30000000000000004,-0.6000000000000001,0.6000000000000001,right,False,False
75,2,heuristic,-0.30000000000000004,-0.1,-0.30000000000000004,-0.6000000000000001,0.5000000000000001,right,False,False
75,3,heuristic,-0.30000000000000004,-0.2,-0.30000000000000004,-0.6000000000000001,0.4000000000000001,right,False,False
75,4,heuristic,-0.30000000000000004,-0.30000000000000004,-0.30000000000000004,-0.6000000000000001,0.30000000000000004,right,False,False
75,5,heuristic,-0.30000000000000004,-0.4,-0.30000000000000004,-0.6000000000000001,0.20000000000000007,right,False,False
75,6,heuristic,-0.30000000000000004,-0.5,-0.30000000000000004,-0.6000000000000001,0.10000000000000009,right,True,True
76,0,heuristic,-0.30000000000000004,-0.1,0.30000000000000004,0.6000000000000001,0.9219544457292889,left,False,False
76,1,heuristic,-0.30000000000000004,0.0,0.30000000000000004,0.6000000000000001,0.8485281374238571,forward,False,False
76,2,heuristic,-0.2,0.0,0.30000000000000004,0.6000000000000001,0.7810249675906655,left,False,False
76,3,heuristic,-0.2,0.1,0.30000000000000004,0.6000000000000001,0.7071067811865476,left,False,False
76,4,heuristic,-0.2,0.2,0.30000000000000004,0.6000000000000001,0.6403124237432849,forward,False,False
76,5,heuristic,-0.1,0.2,0.30000000000000004,0.6000000000000001,0.5656854249492381,left,False,False
76,6,heuristic,-0.1,0.30000000000000004,0.30000000000000004,0.6000000000000001,0.5,forward,False,False
76,7,heuristic,0.0,0.30000000000000004,0.30000000000000004,0.6000000000000001,0.42426406871192857,forward,False,False
76,8,heuristic,0.1,0.30000000000000004,0.30000000000000004,0.6000000000000001,0.360555127546399,left,False,False
76,9,heuristic,0.1,0.4,0.30000000000000004,0.6000000000000001,0.28284271247461906,forward,False,False
76,10,heuristic,0.2,0.4,0.30000000000000004,0.6000000000000001,0.22360679774997905,left,False,False
76,11,heuristic,0.2,0.5,0.30000000000000004,0.6000000000000001,0.1414213562373096,left,False,False
76,12,heuristic,0.2,0.6000000000000001,0.30000000000000004,0.6000000000000001,0.10000000000000003,forward,True,True
77,0,heuristic,-0.2,-0.4,-0.1,0.6000000000000001,1.004987562112089,left,False,False
77,1,heuristic,-0.2,-0.30000000000000004,-0.1,0.6000000000000001,0.9055385138137418,left,False,False
77,2,heuristic,-0.2,-0.2,-0.1,0.6000000000000001,0.806225774829855,left,False,False
77,3,heuristic,-0.2,-0.1,-0.1,0.6000000000000001,0.7071067811865476,left,False,False
77,4,heuristic,-0.2,0.0,-0.1,0.6000000000000001,0.608276253029822,left,False,False
77,5,heuristic,-0.2,0.1,-0.1,0.6000000000000001,0.5099019513592786,left,False,False
77,6,heuristic,-0.2,0.2,-0.1,0.6000000000000001,0.4123105625617661,left,False,False
77,7,heuristic,-0.2,0.30000000000000004,-0.1,0.6000000000000001,0.316227766016838,left,False,False
77,8,heuristic,-0.2,0.4,-0.1,0.6000000000000001,0.22360679774997902,left,False,False
77,9,heuristic,-0.2,0.5,-0.1,0.6000000000000001,0.14142135623730956,left,False,False
77,10,heuristic,-0.2,0.6000000000000001,-0.1,0.6000000000000001,0.1,forward,True,True
78,0,heuristic,0.6000000000000001,0.30000000000000004,-0.2,0.0,0.8544003745317532,backward,False,False
78,1,heuristic,0.5,0.30000000000000004,-0.2,0.0,0.7615773105863908,backward,False,False
78,2,heuristic,0.4,0.30000000000000004,-0.2,0.0,0.670820393249937,backward,False,False
78,3,heuristic,0.30000000000000004,0.30000000000000004,-0.2,0.0,0.5830951894845301,backward,False,False
78,4,heuristic,0.2,0.30000000000000004,-0.2,0.0,0.5,backward,False,False
78,5,heuristic,0.1,0.30000000000000004,-0.2,0.0,0.42426406871192857,backward,False,False
78,6,heuristic,0.0,0.30000000000000004,-0.2,0.0,0.36055512754639896,right,False,False
78,7,heuristic,0.0,0.2,-0.2,0.0,0.282842712474619,backward,False,False
78,8,heuristic,-0.1,0.2,-0.2,0.0,0.223606797749979,right,False,False
78,9,heuristic,-0.1,0.1,-0.2,0.0,0.1414213562373095,backward,False,False
78,10,heuristic,-0.2,0.1,-0.2,0.0,0.1,right,True,True
79,0,heuristic,0.0,0.4,0.4,-0.1,0.6403124237432849,right,False,False
79,1,heuristic,0.0,0.30000000000000004,0.4,-0.1,0.565685424949238,forward,False,False
79,2,heuristic,0.1,0.30000000000000004,0.4,-0.1,0.5,right,False,False
79,3,heuristic,0.1,0.2,0.4,-0.1,0.42426406871192857,forward,False,False
79,4,heuristic,0.2,0.2,0.4,-0.1,0.36055512754639896,right,False,False
79,5,heuristic,0.2,0.1,0.4,-0.1,0.282842712474619,forward,False,False
79,6,heuristic,0.30000000000000004,0.1,0.4,-0.1,0.22360679774997896,right,False,False
79,7,heuristic,0.30000000000000004,0.0,0.4,-0.1,0.1414213562373095,right,False,False
79,8,heuristic,0.30000000000000004,-0.1,0.4,-0.1,0.09999999999999998,forward,True,True
80,0,heuristic,0.7000000000000001,-0.1,-0.1,-0.2,0.806225774829855,backward,False,False
80,1,heuristic,0.6000000000000001,-0.1,-0.1,-0.2,0.7071067811865476,backward,False,False
80,2,heuristic,0.5,-0.1,-0.1,-0.2,0.6082762530298219,backward,False,False
80,3,heuristic,0.4,-0.1,-0.1,-0.2,0.5099019513592785,backward,False,False
80,4,heuristic,0.30000000000000004,-0.1,-0.1,-0.2,0.41231056256176607,backward,False,False
80,5,heuristic,0.2,-0.1,-0.1,-0.2,0.316227766016838,backward,False,False
80,6,heuristic,0.1,-0.1,-0.1,-0.2,0.223606797749979,backward,False,False
80,7,heuristic,0.0,-0.1,-0.1,-0.2,0.1414213562373095,backward,False,False
80,8,heuristic,-0.1,-0.1,-0.1,-0.2,0.1,right,True,True
81,0,heuristic,0.5,0.0,-0.1,0.5,0.7810249675906654,backward,False,False
81,1,heuristic,0.4,0.0,-0.1,0.5,0.7071067811865476,backward,False,False
81,2,heuristic,0.30000000000000004,0.0,-0.1,0.5,0.6403124237432849,left,False,False
81,3,heuristic,0.30000000000000004,0.1,-0.1,0.5,0.565685424949238,backward,False,False
81,4,heuristic,0.2,0.1,-0.1,0.5,0.5,left,False,False
81,5,heuristic,0.2,0.2,-0.1,0.5,0.42426406871192857,backward,False,False
81,6,heuristic,0.1,0.2,-0.1,0.5,0.3605551275463989,left,False,False
81,7,heuristic,0.1,0.30000000000000004,-0.1,0.5,0.282842712474619,backward,False,False
81,8,heuristic,0.0,0.30000000000000004,-0.1,0.5,0.22360679774997894,left,False,False
81,9,heuristic,0.0,0.4,-0.1,0.5,0.1414213562373095,backward,False,False
81,10,heuristic,-0.1,0.4,-0.1,0.5,0.09999999999999998,left,True,True
82,0,heuristic,-0.6000000000000001,-0.30000000000000004,-0.30000000000000004,0.4,0.7615773105863909,left,False,False
82,1,heuristic,-0.6000000000000001,-0.2,-0.30000000000000004,0.4,0.670820393249937,left,False,False
82,2,heuristic,-0.6000000000000001,-0.1,-0.30000000000000004,0.4,0.5830951894845301,left,False,False
82,3,heuristic,-0.6000000000000001,0.0,-0.30000000000000004,0.4,0.5,left,False,False
82,4,heuristic,-0.6000000000000001,0.1,-0.30000000000000004,0.4,0.42426406871192857,left,False,False
82,5,heuristic,-0.6000000000000001,0.2,-0.30000000000000004,0.4,0.36055512754639896,forward,False,False
82,6,heuristic,-0.5,0.2,-0.30000000000000004,0.4,0.282842712474619,left,False,False
82,7,heuristic,-0.5,0.30000000000000004,-0.30000000000000004,0.4,0.2236067977499789,forward,False,False
82,8,heuristic,-0.4,0.30000000000000004,-0.30000000000000004,0.4,0.14142135623730948,forward,False,False
82,9,heuristic,-0.30000000000000004,0.30000000000000004,-0.30000000000000004,0.4,0.09999999999999998,left,True,True
83,0,heuristic,0.2,0.6000000000000001,0.30000000000000004,-0.2,0.806225774829855,right,False,False
83,1,heuristic,0.2,0.5,0.30000000000000004,-0.2,0.7071067811865475,right,False,False
83,2,heuristic,0.2,0.4,0.30000000000000004,-0.2,0.608276253029822,right,False,False
83,3,heuristic,0.2,0.30000000000000004,0.30000000000000004,-0.2,0.5099019513592785,right,False,False
83,4,heuristic,0.2,0.2,0.30000000000000004,-0.2,0.41231056256176607,right,False,False
83,5,heuristic,0.2,0.1,0.30000000000000004,-0.2,0.316227766016838,right,False,False
83,6,heuristic,0.2,0.0,0.30000000000000004,-0.2,0.223606797749979,right,False,False
83,7,heuristic,0.2,-0.1,0.30000000000000004,-0.2,0.14142135623730953,forward,False,False
83,8,heuristic,0.30000000000000004,-0.1,0.30000000000000004,-0.2,0.1,right,True,True
84,0,heuristic,-0.5,0.4,0.2,0.6000000000000001,0.7280109889280518,forward,False,False
84,1,heuristic,-0.4,0.4,0.2,0.6000000000000001,0.632455532033676,forward,False,False
84,2,heuristic,-0.30000000000000004,0.4,0.2,0.6000000000000001,0.5385164807134504,forward,False,False
84,3,heuristic,-0.2,0.4,0.2,0.6000000000000001,0.447213595499958,forward,False,False
84,4,heuristic,-0.1,0.4,0.2,0.6000000000000001,0.360555127546399,forward,False,False
84,5,heuristic,0.0,0.4,0.2,0.6000000000000001,0.28284271247461906,forward,False,False
84,6,heuristic,0.1,0.4,0.2,0.6000000000000001,0.22360679774997902,left,False,False
84,7,heuristic,0.1,0.5,0.2,0.6000000000000001,0.14142135623730956,left,False,False
84,8,heuristic,0.1,0.6000000000000001,0.2,0.6000000000000001,0.1,forward,True,True
85,0,heuristic,0.4,0.2,-0.30000000000000004,0.4,0.7280109889280519,backward,False,False
85,1,heuristic,0.30000000000000004,0.2,-0.30000000000000004,0.4,0.632455532033676,backward,False,False
85,2,heuristic,0.2,0.2,-0.30000000000000004,0.4,0.5385164807134504,backward,False,False
85,3,heuristic,0.1,0.2,-0.30000000000000004,0.4,0.447213595499958,backward,False,False
85,4,heuristic,0.0,0.2,-0.30000000000000004,0.4,0.36055512754639896,backward,False,False
85,5,heuristic,-0.1,0.2,-0.30000000000000004,0.4,0.28284271247461906,backward,False,False
85,6,heuristic,-0.2,0.2,-0.30000000000000004,0.4,0.223606797749979,left,False,False
85,7,heuristic,-0.2,0.30000000000000004,-0.30000000000000004,0.4,0.1414213562373095,backward,False,False
85,8,heuristic,-0.30000000000000004,0.30000000000000004,-0.30000000000000004,0.4,0.09999999999999998,left,True,True
86,0,heuristic,0.4,-0.1,-0.5,0.0,0.9055385138137417,backward,False,False
86,1,heuristic,0.30000000000000004,-0.1,-0.5,0.0,0.806225774829855,backward,False,False
86,2,heuristic,0.2,-0.1,-0.5,0.0,0.7071067811865475,backward,False,False
86,3,heuristic,0.1,-0.1,-0.5,0.0,0.6082762530298219,backward,False,False
86,4,heuristic,0.0,-0.1,-0.5,0.0,0.5099019513592785,backward,False,False
86,5,heuristic,-0.1,-0.1,-0.5,0.0,0.41231056256176607,backward,False,False
86,6,heuristic,-0.2,-0.1,-0.5,0.0,0.31622776601683794,backward,False,False
86,7,heuristic,-0.30000000000000004,-0.1,-0.5,0.0,0.22360679774997894,backward,False,False
86,8,heuristic,-0.4,-0.1,-0.5,0.0,0.1414213562373095,left,False,False
86,9,heuristic,-0.4,0.0,-0.5,0.0,0.09999999999999998,backward,True,True
87,0,heuristic,0.6000000000000001,0.1,-0.5,-0.1,1.118033988749895,backward,False,False
87,1,heuristic,0.5,0.1,-0.5,-0.1,1.019803902718557,backward,False,False
87,2,heuristic,0.4,0.1,-0.5,-0.1,0.9219544457292888,backward,False,False
87,3,heuristic,0.30000000000000004,0.1,-0.5,-0.1,0.8246211251235321,backward,False,False
87,4,heuristic,0.2,0.1,-0.5,-0.1,0.7280109889280518,backward,False,False
87,5,heuristic,0.1,0.1,-0.5,-0.1,0.6324555320336759,backward,False,False
87,6,heuristic,0.0,0.1,-0.5,-0.1,0.5385164807134504,backward,False,False
87,7,heuristic,-0.1,0.1,-0.5,-0.1,0.447213595499958,backward,False,False
87,8,heuristic,-0.2,0.1,-0.5,-0.1,0.3605551275463989,backward,False,False
87,9,heuristic,-0.30000000000000004,0.1,-0.5,-0.1,0.282842712474619,right,False,False
87,10,heuristic,-0.30000000000000004,0.0,-0.5,-0.1,0.22360679774997894,backward,False,False
87,11,heuristic,-0.4,0.0,-0.5,-0.1,0.1414213562373095,right,False,False
87,12,heuristic,-0.4,-0.1,-0.5,-0.1,0.09999999999999998,backward,True,True
88,0,heuristic,-0.5,-0.2,0.5,-0.2,1.0,forward,False,False
88,1,heuristic,-0.4,-0.2,0.5,-0.2,0.9,forward,False,False
88,2,heuristic,-0.30000000000000004,-0.2,0.5,-0.2,0.8,forward,False,False
88,3,heuristic,-0.2,-0.2,0.5,-0.2,0.7,forward,False,False
88,4,heuristic,-0.1,-0.2,0.5,-0.2,0.6,forward,False,False
88,5,heuristic,0.0,-0.2,0.5,-0.2,0.5,forward,False,False
88,6,heuristic,0.1,-0.2,0.5,-0.2,0.4,forward,False,False
88,7,heuristic,0.2,-0.2,0.5,-0.2,0.3,forward,False,False
88,8,heuristic,0.30000000000000004,-0.2,0.5,-0.2,0.19999999999999996,forward,False,False
88,9,heuristic,0.4,-0.2,0.5,-0.2,0.09999999999999998,forward,True,True
89,0,heuristic,-0.6000000000000001,0.0,0.30000000000000004,0.30000000000000004,0.948683298050514,forward,False,False
89,1,heuristic,-0.5,0.0,0.30000000000000004,0.30000000000000004,0.8544003745317532,forward,False,False
89,2,heuristic,-0.4,0.0,0.30000000000000004,0.30000000000000004,0.7615773105863909,forward,False,False
89,3,heuristic,-0.30000000000000004,0.0,0.30000000000000004,0.30000000000000004,0.670820393249937,forward,False,False
89,4,heuristic,-0.2,0.0,0.30000000000000004,0.30000000000000004,0.5830951894845301,forward,False,False
89,5,heuristic,-0.1,0.0,0.30000000000000004,0.30000000000000004,0.5,forward,False,False
89,6,heuristic,0.0,0.0,0.30000000000000004,0.30000000000000004,0.42426406871192857,forward,False,False
89,7,heuristic,0.1,0.0,0.30000000000000004,0.30000000000000004,0.360555127546399,left,False,False
89,8,heuristic,0.1,0.1,0.30000000000000004,0.30000000000000004,0.28284271247461906,forward,False,False
89,9,heuristic,0.2,0.1,0.30000000000000004,0.30000000000000004,0.22360679774997902,left,False,False
89,10,heuristic,0.2,0.2,0.30000000000000004,0.30000000000000004,0.14142135623730956,forward,False,False
89,11,heuristic,0.30000000000000004,0.2,0.30000000000000004,0.30000000000000004,0.10000000000000003,left,True,True
90,0,heuristic,0.4,0.30000000000000004,0.1,-0.7000000000000001,1.044030650891055,right,False,False
90,1,heuristic,0.4,0.2,0.1,-0.7000000000000001,0.948683298050514,right,False,False
90,2,heuristic,0.4,0.1,0.1,-0.7000000000000001,0.8544003745317532,right,False,False
90,3,heuristic,0.4,0.0,0.1,-0.7000000000000001,0.7615773105863909,right,False,False
90,4,heuristic,0.4,-0.1,0.1,-0.7000000000000001,0.670820393249937,right,False,False
90,5,heuristic,0.4,-0.2,0.1,-0.7000000000000001,0.5830951894845301,right,False,False
90,6,heuristic,0.4,-0.30000000000000004,0.1,-0.7000000000000001,0.5,right,False,False
90,7,heuristic,0.4,-0.4,0.1,-0.7000000000000001,0.42426406871192857,backward,False,False
90,8,heuristic,0.30000000000000004,-0.4,0.1,-0.7000000000000001,0.360555127546399,right,False,False
90,9,heuristic,0.30000000000000004,-0.5,0.1,-0.7000000000000001,0.28284271247461906,backward,False,False
90,10,heuristic,0.2,-0.5,0.1,-0.7000000000000001,0.22360679774997902,right,False,False
90,11,heuristic,0.2,-0.6000000000000001,0.1,-0.7000000000000001,0.1414213562373095,backward,False,False
90,12,heuristic,0.1,-0.6000000000000001,0.1,-0.7000000000000001,0.09999999999999998,right,True,True
91,0,heuristic,-0.5,-0.5,-0.4,0.30000000000000004,0.806225774829855,left,False,False
91,1,heuristic,-0.5,-0.4,-0.4,0.30000000000000004,0.7071067811865476,left,False,False
91,2,heuristic,-0.5,-0.30000000000000004,-0.4,0.30000000000000004,0.608276253029822,left,False,False
91,3,heuristic,-0.5,-0.2,-0.4,0.30000000000000004,0.5099019513592785,left,False,False
91,4,heuristic,-0.5,-0.1,-0.4,0.30000000000000004,0.41231056256176607,left,False,False
91,5,heuristic,-0.5,0.0,-0.4,0.30000000000000004,0.31622776601683794,left,False,False
91,6,heuristic,-0.5,0.1,-0.4,0.30000000000000004,0.223606797749979,left,False,False
91,7,heuristic,-0.5,0.2,-0.4,0.30000000000000004,0.1414213562373095,left,False,False
91,8,heuristic,-0.5,0.30000000000000004,-0.4,0.30000000000000004,0.09999999999999998,forward,True,True
92,0,heuristic,0.6000000000000001,0.0,-0.30000000000000004,-0.1,0.9055385138137418,backward,False,False
92,1,heuristic,0.5,0.0,-0.30000000000000004,-0.1,0.806225774829855,backward,False,False
92,2,heuristic,0.4,0.0,-0.30000000000000004,-0.1,0.7071067811865476,backward,False,False
92,3,heuristic,0.30000000000000004,0.0,-0.30000000000000004,-0.1,0.608276253029822,backward,False,False
92,4,heuristic,0.2,0.0,-0.30000000000000004,-0.1,0.5099019513592785,backward,False,False
92,5,heuristic,0.1,0.0,-0.30000000000000004,-0.1,0.41231056256176607,backward,False,False
92,6,heuristic,0.0,0.0,-0.30000000000000004,-0.1,0.316227766016838,backward,False,False
92,7,heuristic,-0.1,0.0,-0.30000000000000004,-0.1,0.22360679774997902,backward,False,False
92,8,heuristic,-0.2,0.0,-0.30000000000000004,-0.1,0.14142135623730953,backward,False,False
92,9,heuristic,-0.30000000000000004,0.0,-0.30000000000000004,-0.1,0.1,right,True,True
93,0,heuristic,0.30000000000000004,-0.30000000000000004,0.0,0.6000000000000001,0.948683298050514,left,False,False
93,1,heuristic,0.30000000000000004,-0.2,0.0,0.6000000000000001,0.8544003745317532,left,False,False
93,2,heuristic,0.30000000000000004,-0.1,0.0,0.6000000000000001,0.7615773105863909,left,False,False
93,3,heuristic,0.30000000000000004,0.0,0.0,0.6000000000000001,0.670820393249937,left,False,False
93,4,heuristic,0.30000000000000004,0.1,0.0,0.6000000000000001,0.5830951894845302,left,False,False
93,5,heuristic,0.30000000000000004,0.2,0.0,0.6000000000000001,0.5000000000000001,left,False,False
93,6,heuristic,0.30000000000000004,0.30000000000000004,0.0,0.6000000000000001,0.42426406871192857,backward,False,False
93,7,heuristic,0.2,0.30000000000000004,0.0,0.6000000000000001,0.36055512754639896,left,False,False
93,8,heuristic,0.2,0.4,0.0,0.6000000000000001,0.28284271247461906,backward,False,False
93,9,heuristic,0.1,0.4,0.0,0.6000000000000001,0.22360679774997902,left,False,False
93,10,heuristic,0.1,0.5,0.0,0.6000000000000001,0.14142135623730956,left,False,False
93,11,heuristic,0.1,0.6000000000000001,0.0,0.6000000000000001,0.1,backward,True,True
94,0,heuristic,0.4,0.5,0.5,-0.30000000000000004,0.806225774829855,right,False,False
94,1,heuristic,0.4,0.4,0.5,-0.30000000000000004,0.7071067811865476,right,False,False
94,2,heuristic,0.4,0.30000000000000004,0.5,-0.30000000000000004,0.608276253029822,right,False,False
94,3,heuristic,0.4,0.2,0.5,-0.30000000000000004,0.5099019513592785,right,False,False
94,4,heuristic,0.4,0.1,0.5,-0.30000000000000004,0.41231056256176607,right,False,False
94,5,heuristic,0.4,0.0,0.5,-0.30000000000000004,0.31622776601683794,right,False,False
94,6,heuristic,0.4,-0.1,0.5,-0.30000000000000004,0.223606797749979,right,False,False
94,7,heuristic,0.4,-0.2,0.5,-0.30000000000000004,0.1414213562373095,right,False,False
94,8,heuristic,0.4,-0.30000000000000004,0.5,-0.30000000000000004,0.09999999999999998,forward,True,True
95,0,heuristic,0.5,0.4,-0.30000000000000004,-0.2,1.0,backward,False,False
95,1,heuristic,0.4,0.4,-0.30000000000000004,-0.2,0.9219544457292889,backward,False,False
95,2,heuristic,0.30000000000000004,0.4,-0.30000000000000004,-0.2,0.8485281374238571,backward,False,False
95,3,heuristic,0.2,0.4,-0.30000000000000004,-0.2,0.7810249675906655,right,False,False
95,4,heuristic,0.2,0.30000000000000004,-0.30000000000000004,-0.2,0.7071067811865476,backward,False,False
95,5,heuristic,0.1,0.30000000000000004,-0.30000000000000004,-0.2,0.6403124237432849,right,False,False
95,6,heuristic,0.1,0.2,-0.30000000000000004,-0.2,0.565685424949238,backward,False,False
95,7,heuristic,0.0,0.2,-0.30000000000000004,-0.2,0.5,right,False,False
95,8,heuristic,0.0,0.1,-0.30000000000000004,-0.2,0.42426406871192857,right,False,False
95,9,heuristic,0.0,0.0,-0.30000000000000004,-0.2,0.36055512754639896,backward,False,False
95,10,heuristic,-0.1,0.0,-0.30000000000000004,-0.2,0.28284271247461906,backward,False,False
95,11,heuristic,-0.2,0.0,-0.30000000000000004,-0.2,0.223606797749979,right,False,False
95,12,heuristic,-0.2,-0.1,-0.30000000000000004,-0.2,0.14142135623730953,backward,False,False
95,13,heuristic,-0.30000000000000004,-0.1,-0.30000000000000004,-0.2,0.1,right,True,True
96,0,heuristic,0.4,-0.2,-0.4,0.0,0.8246211251235321,backward,False,False
96,1,heuristic,0.30000000000000004,-0.2,-0.4,0.0,0.7280109889280519,backward,False,False
96,2,heuristic,0.2,-0.2,-0.4,0.0,0.632455532033676,backward,False,False
96,3,heuristic,0.1,-0.2,-0.4,0.0,0.5385164807134504,backward,False,False
96,4,heuristic,0.0,-0.2,-0.4,0.0,0.447213595499958,backward,False,False
96,5,heuristic,-0.1,-0.2,-0.4,0.0,0.36055512754639896,backward,False,False
96,6,heuristic,-0.2,-0.2,-0.4,0.0,0.282842712474619,backward,False,False
96,7,heuristic,-0.30000000000000004,-0.2,-0.4,0.0,0.22360679774997896,left,False,False
96,8,heuristic,-0.30000000000000004,-0.1,-0.4,0.0,0.1414213562373095,left,False,False
96,9,heuristic,-0.30000000000000004,0.0,-0.4,0.0,0.09999999999999998,backward,True,True
97,0,heuristic,-0.5,-0.2,0.1,0.2,0.7211102550927978,forward,False,False
97,1,heuristic,-0.4,-0.2,0.1,0.2,0.6403124237432849,forward,False,False
97,2,heuristic,-0.30000000000000004,-0.2,0.1,0.2,0.565685424949238,forward,False,False
97,3,heuristic,-0.2,-0.2,0.1,0.2,0.5,left,False,False
97,4,heuristic,-0.2,-0.1,0.1,0.2,0.42426406871192857,forward,False,False
97,5,heuristic,-0.1,-0.1,0.1,0.2,0.36055512754639896,left,False,False
97,6,heuristic,-0.1,0.0,0.1,0.2,0.282842712474619,forward,False,False
97,7,heuristic,0.0,0.0,0.1,0.2,0.223606797749979,left,False,False
97,8,heuristic,0.0,0.1,0.1,0.2,0.1414213562373095,forward,False,False
97,9,heuristic,0.1,0.1,0.1,0.2,0.1,left,True,True
98,0,heuristic,0.2,0.6000000000000001,-0.5,-0.30000000000000004,1.140175425099138,right,False,False
98,1,heuristic,0.2,0.5,-0.5,-0.30000000000000004,1.063014581273465,right,False,False
98,2,heuristic,0.2,0.4,-0.5,-0.30000000000000004,0.9899494936611666,backward,False,False
98,3,heuristic,0.1,0.4,-0.5,-0.30000000000000004,0.9219544457292888,right,False,False
98,4,heuristic,0.1,0.30000000000000004,-0.5,-0.30000000000000004,0.8485281374238571,backward,False,False
98,5,heuristic,0.0,0.30000000000000004,-0.5,-0.30000000000000004,0.7810249675906655,right,False,False
98,6,heuristic,0.0,0.2,-0.5,-0.30000000000000004,0.7071067811865476,backward,False,False
98,7,heuristic,-0.1,0.2,-0.5,-0.30000000000000004,0.6403124237432849,right,False,False
98,8,heuristic,-0.1,0.1,-0.5,-0.30000000000000004,0.565685424949238,backward,False,False
98,9,heuristic,-0.2,0.1,-0.5,-0.30000000000000004,0.5,right,False,False
98,10,heuristic,-0.2,0.0,-0.5,-0.30000000000000004,0.42426406871192857,backward,False,False
98,11,heuristic,-0.30000000000000004,0.0,-0.5,-0.30000000000000004,0.36055512754639896,right,False,False
98,12,heuristic,-0.30000000000000004,-0.1,-0.5,-0.30000000000000004,0.282842712474619,right,False,False
98,13,heuristic,-0.30000000000000004,-0.2,-0.5,-0.30000000000000004,0.22360679774997894,backward,False,False
98,14,heuristic,-0.4,-0.2,-0.5,-0.30000000000000004,0.1414213562373095,right,False,False
98,15,heuristic,-0.4,-0.30000000000000004,-0.5,-0.30000000000000004,0.09999999999999998,backward,True,True
99,0,heuristic,-0.5,0.1,0.2,0.1,0.7,forward,False,False
99,1,heuristic,-0.4,0.1,0.2,0.1,0.6000000000000001,forward,False,False
99,2,heuristic,-0.30000000000000004,0.1,0.2,0.1,0.5,forward,False,False
99,3,heuristic,-0.2,0.1,0.2,0.1,0.4,forward,False,False
99,4,heuristic,-0.1,0.1,0.2,0.1,0.30000000000000004,forward,False,False
99,5,heuristic,0.0,0.1,0.2,0.1,0.2,forward,False,False
99,6,heuristic,0.1,0.1,0.2,0.1,0.1,forward,True,True
